pack_id,title,category_id,category_name,level,primary_skill,original_price,current_sale_price,current_discount_pct,sale_price,discount_pct,is_current_price,market_demand_score,market_avg_roi,market_course_count,expected_conversion_rate,simulated_conversion_rate,expected_buyers,scenario_support,expected_revenue,discount_gap_vs_current_pct,scenario_rank,revenue_index,price_action_hint,scenario_id
1,Frontend Web Development Bootcamp,1,Web Development,BEGINNER,react,149.99,99.99,33.3356,112.49,25.0,0,0.24690900000000002,83.6462,26,0.5560794764705883,0.35294117647058826,189.067022,340,21268.15,-8.3356,1,1.415355,increase,1
1,Frontend Web Development Bootcamp,1,Web Development,BEGINNER,react,149.99,99.99,33.3356,116.24,22.5,0,0.24690900000000002,83.6462,26,0.5370093794117647,0.2676470588235294,182.583189,340,21223.47,-10.8356,2,1.412382,increase,2
1,Frontend Web Development Bootcamp,1,Web Development,BEGINNER,react,149.99,99.99,33.3356,108.74,27.5,0,0.24690900000000002,83.6462,26,0.5664230529411766,0.3764705882352941,192.58383800000001,340,20941.57,-5.8356,3,1.393622,increase,3
1,Frontend Web Development Bootcamp,1,Web Development,BEGINNER,react,149.99,99.99,33.3356,104.99,30.0,0,0.24690900000000002,83.6462,26,0.5504706294117647,0.35,187.160014,340,19649.93,-3.3356,4,1.307666,increase,4
1,Frontend Web Development Bootcamp,1,Web Development,BEGINNER,react,149.99,99.99,33.3356,119.99,20.0,0,0.24690900000000002,83.6462,26,0.47918215294117644,0.23823529411764705,162.921932,340,19549.0,-13.3356,5,1.300949,increase,5
1,Frontend Web Development Bootcamp,1,Web Development,BEGINNER,react,149.99,99.99,33.3356,123.74,17.5,0,0.24690900000000002,83.6462,26,0.4211594941176471,0.21470588235294116,143.194228,340,17718.85,-15.8356,6,1.179156,increase,6
1,Frontend Web Development Bootcamp,1,Web Development,BEGINNER,react,149.99,99.99,33.3356,101.24,32.5,0,0.24690900000000002,83.6462,26,0.4991265764705882,0.2823529411764706,169.703036,340,17180.74,-0.8356,7,1.143346,hold,7
1,Frontend Web Development Bootcamp,1,Web Development,BEGINNER,react,149.99,99.99,33.3356,99.99,33.3356,1,0.24690900000000002,83.6462,26,0.44200641764705884,0.21470588235294116,150.282182,340,15026.72,0.0,8,1.0,hold,8
1,Frontend Web Development Bootcamp,1,Web Development,BEGINNER,react,149.99,99.99,33.3356,127.49,15.0,0,0.24690900000000002,83.6462,26,0.3354946352941176,0.15588235294117647,114.068176,340,14542.55,-18.3356,9,0.967779,increase,9
1,Frontend Web Development Bootcamp,1,Web Development,BEGINNER,react,149.99,99.99,33.3356,131.24,12.5,0,0.24690900000000002,83.6462,26,0.2882715470588235,0.12352941176470589,98.012326,340,12863.14,-20.8356,10,0.856018,increase,10
1,Frontend Web Development Bootcamp,1,Web Development,BEGINNER,react,149.99,99.99,33.3356,97.49,35.0,0,0.24690900000000002,83.6462,26,0.3793152852941176,0.19117647058823528,128.967197,340,12573.01,1.6644,11,0.83671,hold,11
1,Frontend Web Development Bootcamp,1,Web Development,BEGINNER,react,149.99,99.99,33.3356,134.99,10.0,0,0.24690900000000002,83.6462,26,0.25428532941176474,0.09705882352941177,86.457012,340,11670.83,-23.3356,12,0.776672,increase,12
1,Frontend Web Development Bootcamp,1,Web Development,BEGINNER,react,149.99,99.99,33.3356,93.74,37.5,0,0.24690900000000002,83.6462,26,0.31850696470588236,0.15588235294117647,108.292368,340,10151.33,4.1644,13,0.675552,decrease,13
1,Frontend Web Development Bootcamp,1,Web Development,BEGINNER,react,149.99,99.99,33.3356,89.99,40.0,0,0.24690900000000002,83.6462,26,0.23213471470588237,0.09705882352941177,78.925803,340,7102.53,6.6644,14,0.47266,decrease,14
1,Frontend Web Development Bootcamp,1,Web Development,BEGINNER,react,149.99,99.99,33.3356,82.49,45.0,0,0.24690900000000002,83.6462,26,0.1497500088235294,0.05588235294117647,50.915003,340,4199.98,11.6644,15,0.279501,decrease,15
2,Full-Stack JavaScript Mastery,1,Web Development,INTERMEDIATE,react,299.99,199.99,33.3344,224.99,25.0,0,0.24690900000000002,83.6462,26,0.5339034529411765,0.36470588235294116,181.527174,340,40841.8,-8.3344,1,1.226237,increase,16
2,Full-Stack JavaScript Mastery,1,Web Development,INTERMEDIATE,react,299.99,199.99,33.3344,217.49,27.5,0,0.24690900000000002,83.6462,26,0.5501187205882353,0.3764705882352941,187.040365,340,40679.41,-5.8344,2,1.221362,increase,17
2,Full-Stack JavaScript Mastery,1,Web Development,INTERMEDIATE,react,299.99,199.99,33.3344,232.49,22.5,0,0.24690900000000002,83.6462,26,0.5068666647058824,0.25,172.334666,340,40066.09,-10.8344,3,1.202947,increase,18
2,Full-Stack JavaScript Mastery,1,Web Development,INTERMEDIATE,react,299.99,199.99,33.3344,209.99,30.0,0,0.24690900000000002,83.6462,26,0.5470154352941177,0.3205882352941177,185.985248,340,39055.04,-3.3344,4,1.172592,increase,19
2,Full-Stack JavaScript Mastery,1,Web Development,INTERMEDIATE,react,299.99,199.99,33.3344,239.99,20.0,0,0.24690900000000002,83.6462,26,0.44883033529411764,0.25882352941176473,152.602314,340,36623.03,-13.3344,5,1.099573,increase,20
2,Full-Stack JavaScript Mastery,1,Web Development,INTERMEDIATE,react,299.99,199.99,33.3344,202.49,32.5,0,0.24690900000000002,83.6462,26,0.5172444470588236,0.2529411764705882,175.863112,340,35610.52,-0.8344,6,1.069173,hold,21
2,Full-Stack JavaScript Mastery,1,Web Development,INTERMEDIATE,react,299.99,199.99,33.3344,199.99,33.3344,1,0.24690900000000002,83.6462,26,0.48982741764705884,0.2411764705882353,166.541322,340,33306.6,0.0,7,1.0,hold,22
2,Full-Stack JavaScript Mastery,1,Web Development,INTERMEDIATE,react,299.99,199.99,33.3344,247.49,17.5,0,0.24690900000000002,83.6462,26,0.37083679705882355,0.17647058823529413,126.084511,340,31204.66,-15.8344,8,0.936891,increase,23
2,Full-Stack JavaScript Mastery,1,Web Development,INTERMEDIATE,react,299.99,199.99,33.3344,194.99,35.0,0,0.24690900000000002,83.6462,26,0.45872629117647057,0.20588235294117646,155.966939,340,30411.99,1.6656,9,0.913092,hold,24
2,Full-Stack JavaScript Mastery,1,Web Development,INTERMEDIATE,react,299.99,199.99,33.3344,254.99,15.0,0,0.24690900000000002,83.6462,26,0.2998885911764706,0.12941176470588237,101.962121,340,25999.32,-18.3344,10,0.780606,increase,25
2,Full-Stack JavaScript Mastery,1,Web Development,INTERMEDIATE,react,299.99,199.99,33.3344,262.49,12.5,0,0.24690900000000002,83.6462,26,0.2525141117647059,0.12941176470588237,85.854798,340,22536.03,-20.8344,11,0.676624,increase,26
2,Full-Stack JavaScript Mastery,1,Web Development,INTERMEDIATE,react,299.99,199.99,33.3344,187.49,37.5,0,0.24690900000000002,83.6462,26,0.35025260882352943,0.12058823529411765,119.085887,340,22327.41,4.1656,12,0.67036,decrease,27
2,Full-Stack JavaScript Mastery,1,Web Development,INTERMEDIATE,react,299.99,199.99,33.3344,269.99,10.0,0,0.24690900000000002,83.6462,26,0.20505209117647058,0.07352941176470588,69.717711,340,18823.08,-23.3344,13,0.565146,increase,28
2,Full-Stack JavaScript Mastery,1,Web Development,INTERMEDIATE,react,299.99,199.99,33.3344,179.99,40.0,0,0.24690900000000002,83.6462,26,0.3066810882352941,0.11764705882352941,104.27157,340,18767.84,6.6656,14,0.563487,decrease,29
2,Full-Stack JavaScript Mastery,1,Web Development,INTERMEDIATE,react,299.99,199.99,33.3344,164.99,45.0,0,0.24690900000000002,83.6462,26,0.2149925294117647,0.08235294117647059,73.09746,340,12060.35,11.6656,15,0.362101,decrease,30
3,Python & Django Backend Development,1,Web Development,INTERMEDIATE,python,249.99,179.99,28.0011,218.74,12.5,0,0.9328539999999998,92.5306,49,0.8419950176470588,0.7705882352941177,286.278306,340,62620.52,-15.5011,1,1.442704,increase,31
3,Python & Django Backend Development,1,Web Development,INTERMEDIATE,python,249.99,179.99,28.0011,224.99,10.0,0,0.9328539999999998,92.5306,49,0.8106140323529412,0.6647058823529411,275.608771,340,62009.22,-18.0011,2,1.42862,increase,32
3,Python & Django Backend Development,1,Web Development,INTERMEDIATE,python,249.99,179.99,28.0011,212.49,15.0,0,0.9328539999999998,92.5306,49,0.8504827882352941,0.7735294117647059,289.164148,340,61444.49,-13.0011,3,1.415609,increase,33
3,Python & Django Backend Development,1,Web Development,INTERMEDIATE,python,249.99,179.99,28.0011,206.24,17.5,0,0.9328539999999998,92.5306,49,0.8426299970588235,0.7411764705882353,286.494199,340,59086.56,-10.5011,4,1.361285,increase,34
3,Python & Django Backend Development,1,Web Development,INTERMEDIATE,python,249.99,179.99,28.0011,199.99,20.0,0,0.9328539999999998,92.5306,49,0.8169067441176471,0.7088235294117647,277.748293,340,55546.88,-8.0011,5,1.279735,increase,35
3,Python & Django Backend Development,1,Web Development,INTERMEDIATE,python,249.99,179.99,28.0011,193.74,22.5,0,0.9328539999999998,92.5306,49,0.791248955882353,0.6617647058823529,269.024645,340,52120.83,-5.5011,6,1.200803,increase,36
3,Python & Django Backend Development,1,Web Development,INTERMEDIATE,python,249.99,179.99,28.0011,187.49,25.0,0,0.9328539999999998,92.5306,49,0.7593050735294118,0.6,258.163725,340,48403.12,-3.0011,7,1.115151,increase,37
3,Python & Django Backend Development,1,Web Development,INTERMEDIATE,python,249.99,179.99,28.0011,181.24,27.5,0,0.9328539999999998,92.5306,49,0.7124165617647059,0.5352941176470588,242.221631,340,43900.25,-0.5011,8,1.01141,hold,38
3,Python & Django Backend Development,1,Web Development,INTERMEDIATE,python,249.99,179.99,28.0011,179.99,28.0011,1,0.9328539999999998,92.5306,49,0.709271144117647,0.5411764705882353,241.152189,340,43404.98,0.0,9,1.0,hold,39
3,Python & Django Backend Development,1,Web Development,INTERMEDIATE,python,249.99,179.99,28.0011,174.99,30.0,0,0.9328539999999998,92.5306,49,0.6203216323529412,0.43529411764705883,210.909355,340,36907.03,1.9989,10,0.850295,hold,40
3,Python & Django Backend Development,1,Web Development,INTERMEDIATE,python,249.99,179.99,28.0011,168.74,32.5,0,0.9328539999999998,92.5306,49,0.5985563970588236,0.40294117647058825,203.509175,340,34340.14,4.4989,11,0.791157,decrease,41
3,Python & Django Backend Development,1,Web Development,INTERMEDIATE,python,249.99,179.99,28.0011,162.49,35.0,0,0.9328539999999998,92.5306,49,0.5163044794117647,0.3235294117647059,175.543523,340,28524.07,6.9989,12,0.657161,decrease,42
3,Python & Django Backend Development,1,Web Development,INTERMEDIATE,python,249.99,179.99,28.0011,156.24,37.5,0,0.9328539999999998,92.5306,49,0.5083719294117647,0.3088235294117647,172.846456,340,27005.53,9.4989,13,0.622176,decrease,43
3,Python & Django Backend Development,1,Web Development,INTERMEDIATE,python,249.99,179.99,28.0011,149.99,40.0,0,0.9328539999999998,92.5306,49,0.49929116470588236,0.3264705882352941,169.758996,340,25462.15,11.9989,14,0.586618,decrease,44
3,Python & Django Backend Development,1,Web Development,INTERMEDIATE,python,249.99,179.99,28.0011,137.49,45.0,0,0.9328539999999998,92.5306,49,0.46649378529411767,0.2735294117647059,158.607887,340,21807.0,16.9989,15,0.502408,decrease,45
4,Next.js Advanced Full-Stack Development,1,Web Development,ADVANCED,react,279.99,219.99,21.4293,216.99,22.5,0,0.24690900000000002,83.6462,26,0.5246818647058823,0.2823529411764706,178.391834,340,38709.24,1.0707,1,1.061045,hold,46
4,Next.js Advanced Full-Stack Development,1,Web Development,ADVANCED,react,279.99,219.99,21.4293,209.99,25.0,0,0.24690900000000002,83.6462,26,0.5248483882352941,0.3088235294117647,178.448452,340,37472.39,3.5707,2,1.027142,decrease,47
4,Next.js Advanced Full-Stack Development,1,Web Development,ADVANCED,react,279.99,219.99,21.4293,219.99,21.4293,1,0.24690900000000002,83.6462,26,0.48775189705882355,0.22647058823529412,165.835645,340,36482.18,0.0,3,1.0,hold,48
4,Next.js Advanced Full-Stack Development,1,Web Development,ADVANCED,react,279.99,219.99,21.4293,202.99,27.5,0,0.24690900000000002,83.6462,26,0.5273809647058824,0.3558823529411765,179.309528,340,36398.04,6.0707,4,0.997694,decrease,49
4,Next.js Advanced Full-Stack Development,1,Web Development,ADVANCED,react,279.99,219.99,21.4293,223.99,20.0,0,0.24690900000000002,83.6462,26,0.47012688823529414,0.2,159.843142,340,35803.27,-1.4293,5,0.981391,hold,50
4,Next.js Advanced Full-Stack Development,1,Web Development,ADVANCED,react,279.99,219.99,21.4293,195.99,30.0,0,0.24690900000000002,83.6462,26,0.5097321705882353,0.3411764705882353,173.308938,340,33966.82,8.5707,6,0.931052,decrease,51
4,Next.js Advanced Full-Stack Development,1,Web Development,ADVANCED,react,279.99,219.99,21.4293,230.99,17.5,0,0.24690900000000002,83.6462,26,0.40039783529411765,0.16470588235294117,136.135264,340,31445.88,-3.9293,7,0.861952,increase,52
4,Next.js Advanced Full-Stack Development,1,Web Development,ADVANCED,react,279.99,219.99,21.4293,188.99,32.5,0,0.24690900000000002,83.6462,26,0.48531064411764707,0.28823529411764703,165.005619,340,31184.41,11.0707,8,0.854785,decrease,53
4,Next.js Advanced Full-Stack Development,1,Web Development,ADVANCED,react,279.99,219.99,21.4293,181.99,35.0,0,0.24690900000000002,83.6462,26,0.41028087941176467,0.23823529411764705,139.495499,340,25386.79,13.5707,9,0.695868,decrease,54
4,Next.js Advanced Full-Stack Development,1,Web Development,ADVANCED,react,279.99,219.99,21.4293,237.99,15.0,0,0.24690900000000002,83.6462,26,0.30513578529411767,0.10588235294117647,103.746167,340,24690.55,-6.4293,10,0.676784,increase,55
4,Next.js Advanced Full-Stack Development,1,Web Development,ADVANCED,react,279.99,219.99,21.4293,174.99,37.5,0,0.24690900000000002,83.6462,26,0.36016125,0.18235294117647058,122.454825,340,21428.37,16.0707,11,0.587365,decrease,56
4,Next.js Advanced Full-Stack Development,1,Web Development,ADVANCED,react,279.99,219.99,21.4293,244.99,12.5,0,0.24690900000000002,83.6462,26,0.23189279705882354,0.052941176470588235,78.843551,340,19315.88,-8.9293,12,0.529461,increase,57
4,Next.js Advanced Full-Stack Development,1,Web Development,ADVANCED,react,279.99,219.99,21.4293,251.99,10.0,0,0.24690900000000002,83.6462,26,0.20784969117647062,0.08235294117647059,70.668895,340,17807.85,-11.4293,13,0.488125,increase,58
4,Next.js Advanced Full-Stack Development,1,Web Development,ADVANCED,react,279.99,219.99,21.4293,167.99,40.0,0,0.24690900000000002,83.6462,26,0.29578524411764706,0.13823529411764707,100.566983,340,16894.25,18.5707,14,0.463082,decrease,59
4,Next.js Advanced Full-Stack Development,1,Web Development,ADVANCED,react,279.99,219.99,21.4293,153.99,45.0,0,0.24690900000000002,83.6462,26,0.1888834970588235,0.08235294117647059,64.220389,340,9889.3,23.5707,15,0.271072,decrease,60
5,Data Analytics Professional Certificate,2,Data and AI,BEGINNER,data-science,199.99,129.99,35.0018,174.99,12.5,0,0.76633,99.125,12,0.8452827205882353,0.7205882352941176,287.396125,340,50291.45,-22.5018,1,2.411763,increase,61
5,Data Analytics Professional Certificate,2,Data and AI,BEGINNER,data-science,199.99,129.99,35.0018,179.99,10.0,0,0.76633,99.125,12,0.8130391941176471,0.6352941176470588,276.433326,340,49755.23,-25.0018,2,2.386048,increase,62
5,Data Analytics Professional Certificate,2,Data and AI,BEGINNER,data-science,199.99,129.99,35.0018,169.99,15.0,0,0.76633,99.125,12,0.8561093911764707,0.7705882352941177,291.077193,340,49480.21,-20.0018,3,2.372859,increase,63
5,Data Analytics Professional Certificate,2,Data and AI,BEGINNER,data-science,199.99,129.99,35.0018,164.99,17.5,0,0.76633,99.125,12,0.8385794382352941,0.7,285.117009,340,47041.46,-17.5018,4,2.255907,increase,64
5,Data Analytics Professional Certificate,2,Data and AI,BEGINNER,data-science,199.99,129.99,35.0018,159.99,20.0,0,0.76633,99.125,12,0.8102816294117646,0.6352941176470588,275.495754,340,44076.57,-15.0018,5,2.113724,increase,65
5,Data Analytics Professional Certificate,2,Data and AI,BEGINNER,data-science,199.99,129.99,35.0018,154.99,22.5,0,0.76633,99.125,12,0.7961634794117647,0.6147058823529412,270.695583,340,41955.11,-12.5018,6,2.011987,increase,66
5,Data Analytics Professional Certificate,2,Data and AI,BEGINNER,data-science,199.99,129.99,35.0018,149.99,25.0,0,0.76633,99.125,12,0.6782824411764705,0.49117647058823527,230.61603,340,34590.1,-10.0018,7,1.658793,increase,67
5,Data Analytics Professional Certificate,2,Data and AI,BEGINNER,data-science,199.99,129.99,35.0018,144.99,27.5,0,0.76633,99.125,12,0.6031228176470588,0.3735294117647059,205.061758,340,29731.9,-7.5018,8,1.425815,increase,68
5,Data Analytics Professional Certificate,2,Data and AI,BEGINNER,data-science,199.99,129.99,35.0018,139.99,30.0,0,0.76633,99.125,12,0.5641087764705882,0.36176470588235293,191.796984,340,26849.66,-5.0018,9,1.287595,increase,69
5,Data Analytics Professional Certificate,2,Data and AI,BEGINNER,data-science,199.99,129.99,35.0018,134.99,32.5,0,0.76633,99.125,12,0.47088842058823527,0.27647058823529413,160.102063,340,21612.18,-2.5018,10,1.036428,increase,70
5,Data Analytics Professional Certificate,2,Data and AI,BEGINNER,data-science,199.99,129.99,35.0018,129.99,35.0,0,0.76633,99.125,12,0.4749815794117647,0.27647058823529413,161.493737,340,20992.57,-0.0018,11,1.006714,hold,71
5,Data Analytics Professional Certificate,2,Data and AI,BEGINNER,data-science,199.99,129.99,35.0018,129.99,35.0018,1,0.76633,99.125,12,0.4718138323529412,0.2911764705882353,160.416703,340,20852.57,0.0,12,1.0,hold,72
5,Data Analytics Professional Certificate,2,Data and AI,BEGINNER,data-science,199.99,129.99,35.0018,124.99,37.5,0,0.76633,99.125,12,0.45490876764705884,0.27058823529411763,154.668981,340,19332.08,2.4982,13,0.927084,decrease,73
5,Data Analytics Professional Certificate,2,Data and AI,BEGINNER,data-science,199.99,129.99,35.0018,119.99,40.0,0,0.76633,99.125,12,0.40986562352941175,0.25882352941176473,139.354312,340,16721.12,4.9982,14,0.801873,decrease,74
5,Data Analytics Professional Certificate,2,Data and AI,BEGINNER,data-science,199.99,129.99,35.0018,109.99,45.0,0,0.76633,99.125,12,0.31925232352941174,0.17941176470588235,108.54579,340,11938.95,9.9982,15,0.572541,decrease,75
6,Machine Learning Engineering Masterclass,2,Data and AI,INTERMEDIATE,machine-learning,349.99,249.99,28.5722,297.49,15.0,0,0.828213,98.9688,16,0.7001508117647058,0.6147058823529412,238.051276,340,70817.87,-13.5722,1,1.709651,increase,76
6,Machine Learning Engineering Masterclass,2,Data and AI,INTERMEDIATE,machine-learning,349.99,249.99,28.5722,306.24,12.5,0,0.828213,98.9688,16,0.6703655764705883,0.5617647058823529,227.924296,340,69799.54,-16.0722,2,1.685067,increase,77
6,Machine Learning Engineering Masterclass,2,Data and AI,INTERMEDIATE,machine-learning,349.99,249.99,28.5722,288.74,17.5,0,0.828213,98.9688,16,0.6909208647058823,0.5647058823529412,234.913094,340,67828.81,-11.0722,3,1.637491,increase,78
6,Machine Learning Engineering Masterclass,2,Data and AI,INTERMEDIATE,machine-learning,349.99,249.99,28.5722,314.99,10.0,0,0.828213,98.9688,16,0.6294970882352942,0.4676470588235294,214.02901,340,67417.0,-18.5722,4,1.627549,increase,79
6,Machine Learning Engineering Masterclass,2,Data and AI,INTERMEDIATE,machine-learning,349.99,249.99,28.5722,279.99,20.0,0,0.828213,98.9688,16,0.6503972323529412,0.5029411764705882,221.135059,340,61915.61,-8.5722,5,1.494737,increase,80
6,Machine Learning Engineering Masterclass,2,Data and AI,INTERMEDIATE,machine-learning,349.99,249.99,28.5722,271.24,22.5,0,0.828213,98.9688,16,0.619655855882353,0.4647058823529412,210.682991,340,57145.65,-6.0722,6,1.379583,increase,81
6,Machine Learning Engineering Masterclass,2,Data and AI,INTERMEDIATE,machine-learning,349.99,249.99,28.5722,262.49,25.0,0,0.828213,98.9688,16,0.5727068029411765,0.3911764705882353,194.720313,340,51112.13,-3.5722,7,1.233925,increase,82
6,Machine Learning Engineering Masterclass,2,Data and AI,INTERMEDIATE,machine-learning,349.99,249.99,28.5722,253.74,27.5,0,0.828213,98.9688,16,0.5458674735294118,0.3735294117647059,185.594941,340,47092.86,-1.0722,8,1.136893,hold,83
6,Machine Learning Engineering Masterclass,2,Data and AI,INTERMEDIATE,machine-learning,349.99,249.99,28.5722,249.99,28.5722,1,0.828213,98.9688,16,0.4873419852941177,0.3176470588235294,165.696275,340,41422.41,0.0,9,1.0,hold,84
6,Machine Learning Engineering Masterclass,2,Data and AI,INTERMEDIATE,machine-learning,349.99,249.99,28.5722,244.99,30.0,0,0.828213,98.9688,16,0.4362164823529412,0.28823529411764703,148.313604,340,36335.35,1.4278,10,0.877191,hold,85
6,Machine Learning Engineering Masterclass,2,Data and AI,INTERMEDIATE,machine-learning,349.99,249.99,28.5722,236.24,32.5,0,0.828213,98.9688,16,0.40456368823529415,0.23823529411764705,137.551654,340,32495.2,3.9278,11,0.784484,decrease,86
6,Machine Learning Engineering Masterclass,2,Data and AI,INTERMEDIATE,machine-learning,349.99,249.99,28.5722,227.49,35.0,0,0.828213,98.9688,16,0.4000351911764706,0.21470588235294116,136.011965,340,30941.36,6.4278,12,0.746972,decrease,87
6,Machine Learning Engineering Masterclass,2,Data and AI,INTERMEDIATE,machine-learning,349.99,249.99,28.5722,209.99,40.0,0,0.828213,98.9688,16,0.43144827058823526,0.2411764705882353,146.692412,340,30803.94,11.4278,13,0.743654,decrease,88
6,Machine Learning Engineering Masterclass,2,Data and AI,INTERMEDIATE,machine-learning,349.99,249.99,28.5722,218.74,37.5,0,0.828213,98.9688,16,0.39887212352941176,0.21764705882352942,135.616522,340,29664.76,8.9278,14,0.716152,decrease,89
6,Machine Learning Engineering Masterclass,2,Data and AI,INTERMEDIATE,machine-learning,349.99,249.99,28.5722,192.49,45.0,0,0.828213,98.9688,16,0.40287822058823536,0.22647058823529412,136.978595,340,26367.01,16.4278,15,0.63654,decrease,90
7,Deep Learning & NLP with Python,2,Data and AI,ADVANCED,deep-learning,399.99,299.99,25.0006,289.99,27.5,0,0.230267,98.5,1,0.3833152088235294,0.23529411764705882,130.327171,340,37793.58,2.4994,1,1.015111,decrease,91
7,Deep Learning & NLP with Python,2,Data and AI,ADVANCED,deep-learning,399.99,299.99,25.0006,299.99,25.0006,1,0.230267,98.5,1,0.3650219382352941,0.19411764705882353,124.107459,340,37231.0,0.0,2,1.0,hold,92
7,Deep Learning & NLP with Python,2,Data and AI,ADVANCED,deep-learning,399.99,299.99,25.0006,299.99,25.0,0,0.230267,98.5,1,0.3640617147058824,0.2,123.780983,340,37133.06,-0.0006,3,0.997369,hold,93
7,Deep Learning & NLP with Python,2,Data and AI,ADVANCED,deep-learning,399.99,299.99,25.0006,279.99,30.0,0,0.230267,98.5,1,0.38286244705882355,0.22058823529411764,130.173232,340,36447.2,4.9994,4,0.978948,decrease,94
7,Deep Learning & NLP with Python,2,Data and AI,ADVANCED,deep-learning,399.99,299.99,25.0006,309.99,22.5,0,0.230267,98.5,1,0.33785684411764705,0.19117647058823528,114.871327,340,35608.96,-2.5006,5,0.956433,increase,95
7,Deep Learning & NLP with Python,2,Data and AI,ADVANCED,deep-learning,399.99,299.99,25.0006,319.99,20.0,0,0.230267,98.5,1,0.29036617352941174,0.15294117647058825,98.724499,340,31590.85,-5.0006,6,0.848509,increase,96
7,Deep Learning & NLP with Python,2,Data and AI,ADVANCED,deep-learning,399.99,299.99,25.0006,269.99,32.5,0,0.230267,98.5,1,0.34092822647058824,0.13823529411764707,115.915597,340,31296.05,7.4994,7,0.840591,decrease,97
7,Deep Learning & NLP with Python,2,Data and AI,ADVANCED,deep-learning,399.99,299.99,25.0006,259.99,35.0,0,0.230267,98.5,1,0.3108315794117647,0.13529411764705881,105.682737,340,27476.45,9.9994,8,0.737999,decrease,98
7,Deep Learning & NLP with Python,2,Data and AI,ADVANCED,deep-learning,399.99,299.99,25.0006,249.99,37.5,0,0.230267,98.5,1,0.2909670617647059,0.14411764705882352,98.928801,340,24731.21,12.4994,9,0.664264,decrease,99
7,Deep Learning & NLP with Python,2,Data and AI,ADVANCED,deep-learning,399.99,299.99,25.0006,329.99,17.5,0,0.230267,98.5,1,0.19859743529411764,0.07647058823529412,67.523128,340,22281.96,-7.5006,10,0.598479,increase,100
7,Deep Learning & NLP with Python,2,Data and AI,ADVANCED,deep-learning,399.99,299.99,25.0006,239.99,40.0,0,0.230267,98.5,1,0.2448483470588235,0.09705882352941177,83.248438,340,19978.79,14.9994,11,0.536617,decrease,101
7,Deep Learning & NLP with Python,2,Data and AI,ADVANCED,deep-learning,399.99,299.99,25.0006,339.99,15.0,0,0.230267,98.5,1,0.16422354705882353,0.08235294117647059,55.836006,340,18983.68,-10.0006,12,0.509889,increase,102
7,Deep Learning & NLP with Python,2,Data and AI,ADVANCED,deep-learning,399.99,299.99,25.0006,349.99,12.5,0,0.230267,98.5,1,0.11010922352941177,0.04411764705882353,37.437136,340,13102.62,-12.5006,13,0.351928,increase,103
7,Deep Learning & NLP with Python,2,Data and AI,ADVANCED,deep-learning,399.99,299.99,25.0006,359.99,10.0,0,0.230267,98.5,1,0.08178044411764707,0.020588235294117647,27.805351,340,10009.65,-15.0006,14,0.268853,increase,104
7,Deep Learning & NLP with Python,2,Data and AI,ADVANCED,deep-learning,399.99,299.99,25.0006,219.99,45.0,0,0.230267,98.5,1,0.12922801764705882,0.058823529411764705,43.937526,340,9665.82,19.9994,15,0.259618,decrease,105
9,AWS Solutions Architect Certification Prep,3,Cloud,INTERMEDIATE,aws,299.99,199.99,33.3344,232.49,22.5,0,0.250718,100.0,7,0.5487316,0.4294117647058823,186.568744,340,43375.37,-10.8344,1,1.388068,increase,106
9,AWS Solutions Architect Certification Prep,3,Cloud,INTERMEDIATE,aws,299.99,199.99,33.3344,224.99,25.0,0,0.250718,100.0,7,0.5616574088235294,0.3911764705882353,190.963519,340,42964.88,-8.3344,2,1.374932,increase,107
9,AWS Solutions Architect Certification Prep,3,Cloud,INTERMEDIATE,aws,299.99,199.99,33.3344,217.49,27.5,0,0.250718,100.0,7,0.5717613264705883,0.3352941176470588,194.398851,340,42279.81,-5.8344,3,1.353009,increase,108
9,AWS Solutions Architect Certification Prep,3,Cloud,INTERMEDIATE,aws,299.99,199.99,33.3344,209.99,30.0,0,0.250718,100.0,7,0.5644265411764706,0.3,191.905024,340,40298.14,-3.3344,4,1.289593,increase,109
9,AWS Solutions Architect Certification Prep,3,Cloud,INTERMEDIATE,aws,299.99,199.99,33.3344,239.99,20.0,0,0.250718,100.0,7,0.4842337911764706,0.29411764705882354,164.639489,340,39511.83,-13.3344,5,1.26443,increase,110
9,AWS Solutions Architect Certification Prep,3,Cloud,INTERMEDIATE,aws,299.99,199.99,33.3344,247.49,17.5,0,0.250718,100.0,7,0.4253835794117647,0.27941176470588236,144.630417,340,35794.58,-15.8344,6,1.145473,increase,111
9,AWS Solutions Architect Certification Prep,3,Cloud,INTERMEDIATE,aws,299.99,199.99,33.3344,202.49,32.5,0,0.250718,100.0,7,0.509801155882353,0.25,173.332393,340,35098.08,-0.8344,7,1.123184,hold,112
9,AWS Solutions Architect Certification Prep,3,Cloud,INTERMEDIATE,aws,299.99,199.99,33.3344,199.99,33.3344,1,0.250718,100.0,7,0.45956314117647057,0.20294117647058824,156.251468,340,31248.73,0.0,8,1.0,hold,113
9,AWS Solutions Architect Certification Prep,3,Cloud,INTERMEDIATE,aws,299.99,199.99,33.3344,254.99,15.0,0,0.250718,100.0,7,0.3510767676470588,0.22058823529411764,119.366101,340,30437.16,-18.3344,9,0.974029,increase,114
9,AWS Solutions Architect Certification Prep,3,Cloud,INTERMEDIATE,aws,299.99,199.99,33.3344,194.99,35.0,0,0.250718,100.0,7,0.41979055882352945,0.1588235294117647,142.72879,340,27830.69,1.6656,10,0.890618,hold,115
9,AWS Solutions Architect Certification Prep,3,Cloud,INTERMEDIATE,aws,299.99,199.99,33.3344,262.49,12.5,0,0.250718,100.0,7,0.29413126470588236,0.16470588235294117,100.00463,340,26250.22,-20.8344,11,0.840041,increase,116
9,AWS Solutions Architect Certification Prep,3,Cloud,INTERMEDIATE,aws,299.99,199.99,33.3344,269.99,10.0,0,0.250718,100.0,7,0.2589017558823529,0.14411764705882352,88.026597,340,23766.3,-23.3344,12,0.760553,increase,117
9,AWS Solutions Architect Certification Prep,3,Cloud,INTERMEDIATE,aws,299.99,199.99,33.3344,187.49,37.5,0,0.250718,100.0,7,0.3348876823529412,0.1588235294117647,113.861812,340,21347.95,4.1656,13,0.683162,decrease,118
9,AWS Solutions Architect Certification Prep,3,Cloud,INTERMEDIATE,aws,299.99,199.99,33.3344,179.99,40.0,0,0.250718,100.0,7,0.2709935176470588,0.09411764705882353,92.137796,340,16583.88,6.6656,14,0.530706,decrease,119
9,AWS Solutions Architect Certification Prep,3,Cloud,INTERMEDIATE,aws,299.99,199.99,33.3344,164.99,45.0,0,0.250718,100.0,7,0.2018362794117647,0.07647058823529412,68.624335,340,11322.33,11.6656,15,0.362329,decrease,120
10,Microsoft Azure Fundamentals AZ-900,3,Cloud,BEGINNER,aws,149.99,99.99,33.3356,116.24,22.5,0,0.250718,100.0,7,0.5631282941176471,0.38235294117647056,191.46362,340,22255.73,-10.8356,1,1.67833,increase,121
10,Microsoft Azure Fundamentals AZ-900,3,Cloud,BEGINNER,aws,149.99,99.99,33.3356,112.49,25.0,0,0.250718,100.0,7,0.5657148058823529,0.36470588235294116,192.343034,340,21636.67,-8.3356,2,1.631646,increase,122
10,Microsoft Azure Fundamentals AZ-900,3,Cloud,BEGINNER,aws,149.99,99.99,33.3356,119.99,20.0,0,0.250718,100.0,7,0.5134962794117647,0.31176470588235294,174.58873499999999,340,20948.9,-13.3356,3,1.57978,increase,123
10,Microsoft Azure Fundamentals AZ-900,3,Cloud,BEGINNER,aws,149.99,99.99,33.3356,108.74,27.5,0,0.250718,100.0,7,0.562917205882353,0.3352941176470588,191.39185,340,20811.95,-5.8356,4,1.569453,increase,124
10,Microsoft Azure Fundamentals AZ-900,3,Cloud,BEGINNER,aws,149.99,99.99,33.3356,104.99,30.0,0,0.250718,100.0,7,0.5175611529411764,0.24705882352941178,175.970792,340,18475.17,-3.3356,5,1.393234,increase,125
10,Microsoft Azure Fundamentals AZ-900,3,Cloud,BEGINNER,aws,149.99,99.99,33.3356,123.74,17.5,0,0.250718,100.0,7,0.4344213205882353,0.2411764705882353,147.703249,340,18276.8,-15.8356,6,1.378274,increase,126
10,Microsoft Azure Fundamentals AZ-900,3,Cloud,BEGINNER,aws,149.99,99.99,33.3356,127.49,15.0,0,0.250718,100.0,7,0.37176941764705884,0.21176470588235294,126.401602,340,16114.94,-18.3356,7,1.215246,increase,127
10,Microsoft Azure Fundamentals AZ-900,3,Cloud,BEGINNER,aws,149.99,99.99,33.3356,101.24,32.5,0,0.250718,100.0,7,0.4541579970588235,0.22941176470588234,154.413719,340,15632.84,-0.8356,8,1.17889,hold,128
10,Microsoft Azure Fundamentals AZ-900,3,Cloud,BEGINNER,aws,149.99,99.99,33.3356,131.24,12.5,0,0.250718,100.0,7,0.3204933205882353,0.1676470588235294,108.967729,340,14300.92,-20.8356,9,1.078449,increase,129
10,Microsoft Azure Fundamentals AZ-900,3,Cloud,BEGINNER,aws,149.99,99.99,33.3356,99.99,33.3356,1,0.250718,100.0,7,0.39005785,0.16470588235294117,132.619669,340,13260.64,0.0,10,1.0,hold,130
10,Microsoft Azure Fundamentals AZ-900,3,Cloud,BEGINNER,aws,149.99,99.99,33.3356,134.99,10.0,0,0.250718,100.0,7,0.2784543794117647,0.1,94.674489,340,12780.11,-23.3356,11,0.963763,increase,131
10,Microsoft Azure Fundamentals AZ-900,3,Cloud,BEGINNER,aws,149.99,99.99,33.3356,97.49,35.0,0,0.250718,100.0,7,0.33717670294117646,0.17352941176470588,114.640079,340,11176.26,1.6644,12,0.842815,hold,132
10,Microsoft Azure Fundamentals AZ-900,3,Cloud,BEGINNER,aws,149.99,99.99,33.3356,93.74,37.5,0,0.250718,100.0,7,0.24017155,0.11176470588235295,81.658327,340,7654.65,4.1644,13,0.577246,decrease,133
10,Microsoft Azure Fundamentals AZ-900,3,Cloud,BEGINNER,aws,149.99,99.99,33.3356,89.99,40.0,0,0.250718,100.0,7,0.17463480294117648,0.06764705882352941,59.375833,340,5343.23,6.6644,14,0.402939,decrease,134
10,Microsoft Azure Fundamentals AZ-900,3,Cloud,BEGINNER,aws,149.99,99.99,33.3356,82.49,45.0,0,0.250718,100.0,7,0.12864882352941176,0.058823529411764705,43.7406,340,3608.16,11.6644,15,0.272095,decrease,135
11,Google Cloud Professional Architect Prep,3,Cloud,ADVANCED,aws,349.99,259.99,25.715,259.99,25.715,1,0.250718,100.0,7,0.5046607617647059,0.38823529411764707,171.584659,340,44610.3,0.0,1,1.0,hold,136
11,Google Cloud Professional Architect Prep,3,Cloud,ADVANCED,aws,349.99,259.99,25.715,262.49,25.0,0,0.250718,100.0,7,0.4994830794117647,0.3088235294117647,169.82424699999999,340,44577.17,-0.715,2,0.999257,hold,137
11,Google Cloud Professional Architect Prep,3,Cloud,ADVANCED,aws,349.99,259.99,25.715,253.74,27.5,0,0.250718,100.0,7,0.5094610970588235,0.3352941176470588,173.216773,340,43952.02,1.785,3,0.985244,hold,138
11,Google Cloud Professional Architect Prep,3,Cloud,ADVANCED,aws,349.99,259.99,25.715,271.24,22.5,0,0.250718,100.0,7,0.47000488529411766,0.2852941176470588,159.801661,340,43344.6,-3.215,4,0.971628,increase,139
11,Google Cloud Professional Architect Prep,3,Cloud,ADVANCED,aws,349.99,259.99,25.715,244.99,30.0,0,0.250718,100.0,7,0.48771566176470593,0.23823529411764705,165.823325,340,40625.06,4.285,5,0.910665,decrease,140
11,Google Cloud Professional Architect Prep,3,Cloud,ADVANCED,aws,349.99,259.99,25.715,279.99,20.0,0,0.250718,100.0,7,0.4070961382352941,0.21470588235294116,138.412687,340,38754.17,-5.715,6,0.868727,increase,141
11,Google Cloud Professional Architect Prep,3,Cloud,ADVANCED,aws,349.99,259.99,25.715,236.24,32.5,0,0.250718,100.0,7,0.440135194117647,0.22647058823529412,149.645966,340,35352.36,6.785,7,0.792471,decrease,142
11,Google Cloud Professional Architect Prep,3,Cloud,ADVANCED,aws,349.99,259.99,25.715,288.74,17.5,0,0.250718,100.0,7,0.34118955,0.18235294117647058,116.004447,340,33495.12,-8.215,8,0.750838,increase,143
11,Google Cloud Professional Architect Prep,3,Cloud,ADVANCED,aws,349.99,259.99,25.715,227.49,35.0,0,0.250718,100.0,7,0.3923322676470588,0.17058823529411765,133.392971,340,30345.57,9.285,9,0.680237,decrease,144
11,Google Cloud Professional Architect Prep,3,Cloud,ADVANCED,aws,349.99,259.99,25.715,297.49,15.0,0,0.250718,100.0,7,0.26965580294117647,0.12941176470588237,91.682973,340,27274.77,-10.715,10,0.611401,increase,145
11,Google Cloud Professional Architect Prep,3,Cloud,ADVANCED,aws,349.99,259.99,25.715,218.74,37.5,0,0.250718,100.0,7,0.28597347352941177,0.15588235294117647,97.230981,340,21268.3,11.785,11,0.476758,decrease,146
11,Google Cloud Professional Architect Prep,3,Cloud,ADVANCED,aws,349.99,259.99,25.715,306.24,12.5,0,0.250718,100.0,7,0.17809261176470587,0.10294117647058823,60.551488,340,18543.29,-13.215,12,0.415673,increase,147
11,Google Cloud Professional Architect Prep,3,Cloud,ADVANCED,aws,349.99,259.99,25.715,209.99,40.0,0,0.250718,100.0,7,0.2552972735294118,0.11176470588235295,86.801073,340,18227.36,14.285,13,0.408591,decrease,148
11,Google Cloud Professional Architect Prep,3,Cloud,ADVANCED,aws,349.99,259.99,25.715,314.99,10.0,0,0.250718,100.0,7,0.14369047647058825,0.047058823529411764,48.854762,340,15388.76,-15.715,14,0.34496,increase,149
11,Google Cloud Professional Architect Prep,3,Cloud,ADVANCED,aws,349.99,259.99,25.715,192.49,45.0,0,0.250718,100.0,7,0.18542494705882354,0.07941176470588235,63.044482,340,12135.43,19.285,15,0.272032,decrease,150
12,CompTIA Security+ Certification Prep,4,Cybersecurity,BEGINNER,general,199.99,139.99,30.0015,149.99,25.0,0,0.362465,62.5,4,0.6290852205882352,0.4588235294117647,213.888975,340,32081.21,-5.0015,1,1.076439,increase,151
12,CompTIA Security+ Certification Prep,4,Cybersecurity,BEGINNER,general,199.99,139.99,30.0015,154.99,22.5,0,0.362465,62.5,4,0.6039915294117647,0.37058823529411766,205.35712,340,31828.3,-7.5015,2,1.067953,increase,152
12,CompTIA Security+ Certification Prep,4,Cybersecurity,BEGINNER,general,199.99,139.99,30.0015,144.99,27.5,0,0.362465,62.5,4,0.6339137764705882,0.4852941176470588,215.530684,340,31249.79,-2.5015,3,1.048542,increase,153
12,CompTIA Security+ Certification Prep,4,Cybersecurity,BEGINNER,general,199.99,139.99,30.0015,139.99,30.0,0,0.362465,62.5,4,0.6298514617647059,0.38529411764705884,214.149497,340,29978.79,-0.0015,4,1.005896,hold,154
12,CompTIA Security+ Certification Prep,4,Cybersecurity,BEGINNER,general,199.99,139.99,30.0015,139.99,30.0015,1,0.362465,62.5,4,0.626159938235294,0.4147058823529412,212.894379,340,29803.08,0.0,5,1.0,hold,155
12,CompTIA Security+ Certification Prep,4,Cybersecurity,BEGINNER,general,199.99,139.99,30.0015,159.99,20.0,0,0.362465,62.5,4,0.5356690794117647,0.2647058823529412,182.127487,340,29138.58,-10.0015,6,0.977704,increase,156
12,CompTIA Security+ Certification Prep,4,Cybersecurity,BEGINNER,general,199.99,139.99,30.0015,134.99,32.5,0,0.362465,62.5,4,0.5853233823529412,0.3058823529411765,199.00995,340,26864.35,2.4985,7,0.901395,decrease,157
12,CompTIA Security+ Certification Prep,4,Cybersecurity,BEGINNER,general,199.99,139.99,30.0015,164.99,17.5,0,0.362465,62.5,4,0.4658634352941176,0.25882352941176473,158.393568,340,26133.35,-12.5015,8,0.876867,increase,158
12,CompTIA Security+ Certification Prep,4,Cybersecurity,BEGINNER,general,199.99,139.99,30.0015,169.99,15.0,0,0.362465,62.5,4,0.39564466470588233,0.19705882352941176,134.519186,340,22866.92,-15.0015,9,0.767267,increase,159
12,CompTIA Security+ Certification Prep,4,Cybersecurity,BEGINNER,general,199.99,139.99,30.0015,129.99,35.0,0,0.362465,62.5,4,0.5095370647058823,0.3,173.242602,340,22519.81,4.9985,10,0.75562,decrease,160
12,CompTIA Security+ Certification Prep,4,Cybersecurity,BEGINNER,general,199.99,139.99,30.0015,174.99,12.5,0,0.362465,62.5,4,0.3375279735294118,0.15,114.759511,340,20081.77,-17.5015,11,0.673815,increase,161
12,CompTIA Security+ Certification Prep,4,Cybersecurity,BEGINNER,general,199.99,139.99,30.0015,179.99,10.0,0,0.362465,62.5,4,0.3072620676470588,0.14411764705882352,104.469103,340,18803.39,-20.0015,12,0.630921,increase,162
12,CompTIA Security+ Certification Prep,4,Cybersecurity,BEGINNER,general,199.99,139.99,30.0015,124.99,37.5,0,0.362465,62.5,4,0.41467039411764706,0.22941176470588234,140.987934,340,17622.08,7.4985,13,0.591284,decrease,163
12,CompTIA Security+ Certification Prep,4,Cybersecurity,BEGINNER,general,199.99,139.99,30.0015,119.99,40.0,0,0.362465,62.5,4,0.33323361764705883,0.17941176470588235,113.29943,340,13594.8,9.9985,14,0.456154,decrease,164
12,CompTIA Security+ Certification Prep,4,Cybersecurity,BEGINNER,general,199.99,139.99,30.0015,109.99,45.0,0,0.362465,62.5,4,0.17900243235294117,0.09117647058823529,60.860827,340,6694.08,14.9985,15,0.22461,decrease,165
13,Ethical Hacking & Penetration Testing,4,Cybersecurity,INTERMEDIATE,general,349.99,259.99,25.715,262.49,25.0,0,0.362465,62.5,4,0.5382758558823529,0.38235294117647056,183.013791,340,48039.29,-0.715,1,1.001127,hold,166
13,Ethical Hacking & Penetration Testing,4,Cybersecurity,INTERMEDIATE,general,349.99,259.99,25.715,259.99,25.715,1,0.362465,62.5,4,0.5428401088235294,0.37058823529411766,184.565637,340,47985.22,0.0,2,1.0,hold,167
13,Ethical Hacking & Penetration Testing,4,Cybersecurity,INTERMEDIATE,general,349.99,259.99,25.715,253.74,27.5,0,0.362465,62.5,4,0.5553439470588236,0.39705882352941174,188.816942,340,47910.41,1.785,3,0.998441,hold,168
13,Ethical Hacking & Penetration Testing,4,Cybersecurity,INTERMEDIATE,general,349.99,259.99,25.715,271.24,22.5,0,0.362465,62.5,4,0.507833144117647,0.3176470588235294,172.66326899999999,340,46833.19,-3.215,4,0.975992,increase,169
13,Ethical Hacking & Penetration Testing,4,Cybersecurity,INTERMEDIATE,general,349.99,259.99,25.715,244.99,30.0,0,0.362465,62.5,4,0.5604413735294118,0.40294117647058825,190.550067,340,46682.86,4.285,5,0.972859,decrease,170
13,Ethical Hacking & Penetration Testing,4,Cybersecurity,INTERMEDIATE,general,349.99,259.99,25.715,279.99,20.0,0,0.362465,62.5,4,0.4523264676470588,0.21176470588235294,153.790999,340,43059.94,-5.715,6,0.897358,increase,171
13,Ethical Hacking & Penetration Testing,4,Cybersecurity,INTERMEDIATE,general,349.99,259.99,25.715,236.24,32.5,0,0.362465,62.5,4,0.5277515323529411,0.3323529411764706,179.435521,340,42389.85,6.785,7,0.883394,decrease,172
13,Ethical Hacking & Penetration Testing,4,Cybersecurity,INTERMEDIATE,general,349.99,259.99,25.715,227.49,35.0,0,0.362465,62.5,4,0.4906419735294118,0.25588235294117645,166.818271,340,37949.49,9.285,8,0.790858,decrease,173
13,Ethical Hacking & Penetration Testing,4,Cybersecurity,INTERMEDIATE,general,349.99,259.99,25.715,288.74,17.5,0,0.362465,62.5,4,0.3737390882352941,0.19705882352941176,127.07129,340,36690.56,-8.215,9,0.764622,increase,174
13,Ethical Hacking & Penetration Testing,4,Cybersecurity,INTERMEDIATE,general,349.99,259.99,25.715,297.49,15.0,0,0.362465,62.5,4,0.28578036470588236,0.12352941176470589,97.165324,340,28905.71,-10.715,10,0.602388,increase,175
13,Ethical Hacking & Penetration Testing,4,Cybersecurity,INTERMEDIATE,general,349.99,259.99,25.715,218.74,37.5,0,0.362465,62.5,4,0.37073339411764705,0.17941176470588235,126.049354,340,27572.04,11.785,11,0.574594,decrease,176
13,Ethical Hacking & Penetration Testing,4,Cybersecurity,INTERMEDIATE,general,349.99,259.99,25.715,209.99,40.0,0,0.362465,62.5,4,0.3347703323529412,0.17647058823529413,113.821913,340,23901.46,14.285,12,0.4981,decrease,177
13,Ethical Hacking & Penetration Testing,4,Cybersecurity,INTERMEDIATE,general,349.99,259.99,25.715,306.24,12.5,0,0.362465,62.5,4,0.2027136676470588,0.08529411764705883,68.922647,340,21106.87,-13.215,13,0.439862,increase,178
13,Ethical Hacking & Penetration Testing,4,Cybersecurity,INTERMEDIATE,general,349.99,259.99,25.715,314.99,10.0,0,0.362465,62.5,4,0.1741938911764706,0.07352941176470588,59.225923,340,18655.57,-15.715,14,0.388777,increase,179
13,Ethical Hacking & Penetration Testing,4,Cybersecurity,INTERMEDIATE,general,349.99,259.99,25.715,192.49,45.0,0,0.362465,62.5,4,0.2221119058823529,0.08529411764705883,75.518048,340,14536.47,19.285,15,0.302936,decrease,180
14,SOC Analyst & Incident Response Mastery,4,Cybersecurity,ADVANCED,general,399.99,299.99,25.0006,289.99,27.5,0,0.362465,62.5,4,0.46702758529411764,0.3764705882352941,158.789379,340,46047.33,2.4994,1,1.034914,decrease,181
14,SOC Analyst & Incident Response Mastery,4,Cybersecurity,ADVANCED,general,399.99,299.99,25.0006,279.99,30.0,0,0.362465,62.5,4,0.47651395588235296,0.34411764705882353,162.014745,340,45362.51,4.9994,2,1.019523,decrease,182
14,SOC Analyst & Incident Response Mastery,4,Cybersecurity,ADVANCED,general,399.99,299.99,25.0006,299.99,25.0006,1,0.362465,62.5,4,0.4362287941176471,0.2411764705882353,148.31779,340,44493.85,0.0,3,1.0,hold,183
14,SOC Analyst & Incident Response Mastery,4,Cybersecurity,ADVANCED,general,399.99,299.99,25.0006,299.99,25.0,0,0.362465,62.5,4,0.4345337970588235,0.25882352941176473,147.741491,340,44320.97,-0.0006,4,0.996115,hold,184
14,SOC Analyst & Incident Response Mastery,4,Cybersecurity,ADVANCED,general,399.99,299.99,25.0006,269.99,32.5,0,0.362465,62.5,4,0.47364767647058825,0.3235294117647059,161.04021,340,43479.25,7.4994,5,0.977197,decrease,185
14,SOC Analyst & Incident Response Mastery,4,Cybersecurity,ADVANCED,general,399.99,299.99,25.0006,309.99,22.5,0,0.362465,62.5,4,0.397402344117647,0.18823529411764706,135.116797,340,41884.86,-2.5006,6,0.941363,increase,186
14,SOC Analyst & Incident Response Mastery,4,Cybersecurity,ADVANCED,general,399.99,299.99,25.0006,259.99,35.0,0,0.362465,62.5,4,0.43446405000000005,0.26176470588235295,147.717777,340,38405.14,9.9994,7,0.863156,decrease,187
14,SOC Analyst & Incident Response Mastery,4,Cybersecurity,ADVANCED,general,399.99,299.99,25.0006,319.99,20.0,0,0.362465,62.5,4,0.32960151470588234,0.13529411764705881,112.064515,340,35859.52,-5.0006,8,0.805943,increase,188
14,SOC Analyst & Incident Response Mastery,4,Cybersecurity,ADVANCED,general,399.99,299.99,25.0006,249.99,37.5,0,0.362465,62.5,4,0.38746978823529415,0.22941176470588234,131.739728,340,32933.61,12.4994,9,0.740183,decrease,189
14,SOC Analyst & Incident Response Mastery,4,Cybersecurity,ADVANCED,general,399.99,299.99,25.0006,329.99,17.5,0,0.362465,62.5,4,0.25257639411764704,0.10882352941176471,85.875974,340,28338.21,-7.5006,10,0.636902,increase,190
14,SOC Analyst & Incident Response Mastery,4,Cybersecurity,ADVANCED,general,399.99,299.99,25.0006,239.99,40.0,0,0.362465,62.5,4,0.3171189676470588,0.1676470588235294,107.820449,340,25875.83,14.9994,11,0.58156,decrease,191
14,SOC Analyst & Incident Response Mastery,4,Cybersecurity,ADVANCED,general,399.99,299.99,25.0006,339.99,15.0,0,0.362465,62.5,4,0.19557412941176472,0.061764705882352944,66.495204,340,22607.7,-10.0006,12,0.508108,increase,192
14,SOC Analyst & Incident Response Mastery,4,Cybersecurity,ADVANCED,general,399.99,299.99,25.0006,349.99,12.5,0,0.362465,62.5,4,0.1463816588235294,0.06764705882352941,49.769764,340,17418.92,-12.5006,13,0.391491,increase,193
14,SOC Analyst & Incident Response Mastery,4,Cybersecurity,ADVANCED,general,399.99,299.99,25.0006,219.99,45.0,0,0.362465,62.5,4,0.22443160294117648,0.11470588235294117,76.306745,340,16786.72,19.9994,14,0.377282,decrease,194
14,SOC Analyst & Incident Response Mastery,4,Cybersecurity,ADVANCED,general,399.99,299.99,25.0006,359.99,10.0,0,0.362465,62.5,4,0.10799588823529412,0.047058823529411764,36.718602,340,13218.33,-15.0006,15,0.297082,increase,195
15,Flutter & Dart Mobile Development,5,Mobile Development,INTERMEDIATE,react,279.99,199.99,28.5724,216.99,22.5,0,0.24690900000000002,83.6462,26,0.5650285147058823,0.3411764705882353,192.109695,340,41685.88,-6.0724,1,1.057907,increase,196
15,Flutter & Dart Mobile Development,5,Mobile Development,INTERMEDIATE,react,279.99,199.99,28.5724,209.99,25.0,0,0.24690900000000002,83.6462,26,0.5770244911764706,0.4176470588235294,196.188327,340,41197.59,-3.5724,2,1.045515,increase,197
15,Flutter & Dart Mobile Development,5,Mobile Development,INTERMEDIATE,react,279.99,199.99,28.5724,202.99,27.5,0,0.24690900000000002,83.6462,26,0.5828306147058824,0.4117647058823529,198.162409,340,40224.99,-1.0724,3,1.020832,hold,198
15,Flutter & Dart Mobile Development,5,Mobile Development,INTERMEDIATE,react,279.99,199.99,28.5724,199.99,28.5724,1,0.24690900000000002,83.6462,26,0.5795012088235294,0.35,197.030411,340,39404.11,0.0,4,1.0,hold,199
15,Flutter & Dart Mobile Development,5,Mobile Development,INTERMEDIATE,react,279.99,199.99,28.5724,223.99,20.0,0,0.24690900000000002,83.6462,26,0.5118267617647059,0.27941176470588236,174.021099,340,38978.99,-8.5724,5,0.989211,increase,200
15,Flutter & Dart Mobile Development,5,Mobile Development,INTERMEDIATE,react,279.99,199.99,28.5724,195.99,30.0,0,0.24690900000000002,83.6462,26,0.5745316147058823,0.3205882352941177,195.340749,340,38284.83,1.4276,6,0.971595,hold,201
15,Flutter & Dart Mobile Development,5,Mobile Development,INTERMEDIATE,react,279.99,199.99,28.5724,230.99,17.5,0,0.24690900000000002,83.6462,26,0.44350075588235294,0.2529411764705882,150.790257,340,34831.04,-11.0724,7,0.883944,increase,202
15,Flutter & Dart Mobile Development,5,Mobile Development,INTERMEDIATE,react,279.99,199.99,28.5724,188.99,32.5,0,0.24690900000000002,83.6462,26,0.5388093147058823,0.2852941176470588,183.195167,340,34622.05,3.9276,8,0.878641,decrease,203
15,Flutter & Dart Mobile Development,5,Mobile Development,INTERMEDIATE,react,279.99,199.99,28.5724,181.99,35.0,0,0.24690900000000002,83.6462,26,0.4660681176470588,0.22058823529411764,158.46316,340,28838.71,6.4276,9,0.731871,decrease,204
15,Flutter & Dart Mobile Development,5,Mobile Development,INTERMEDIATE,react,279.99,199.99,28.5724,237.99,15.0,0,0.24690900000000002,83.6462,26,0.32703739411764704,0.16470588235294117,111.192714,340,26462.75,-13.5724,10,0.671573,increase,205
15,Flutter & Dart Mobile Development,5,Mobile Development,INTERMEDIATE,react,279.99,199.99,28.5724,244.99,12.5,0,0.24690900000000002,83.6462,26,0.27663492352941177,0.15294117647058825,94.055874,340,23042.75,-16.0724,11,0.58478,increase,206
15,Flutter & Dart Mobile Development,5,Mobile Development,INTERMEDIATE,react,279.99,199.99,28.5724,174.99,37.5,0,0.24690900000000002,83.6462,26,0.3817215941176471,0.18529411764705883,129.785342,340,22711.14,8.9276,12,0.576365,decrease,207
15,Flutter & Dart Mobile Development,5,Mobile Development,INTERMEDIATE,react,279.99,199.99,28.5724,251.99,10.0,0,0.24690900000000002,83.6462,26,0.2317237205882353,0.08235294117647059,78.786065,340,19853.3,-18.5724,13,0.503838,increase,208
15,Flutter & Dart Mobile Development,5,Mobile Development,INTERMEDIATE,react,279.99,199.99,28.5724,167.99,40.0,0,0.24690900000000002,83.6462,26,0.2939742941176471,0.13529411764705881,99.95126,340,16790.81,11.4276,14,0.426118,decrease,209
15,Flutter & Dart Mobile Development,5,Mobile Development,INTERMEDIATE,react,279.99,199.99,28.5724,153.99,45.0,0,0.24690900000000002,83.6462,26,0.2101641676470588,0.10588235294117647,71.455817,340,11003.48,16.4276,15,0.279247,decrease,210
16,iOS App Development with Swift,5,Mobile Development,INTERMEDIATE,react,299.99,219.99,26.6676,224.99,25.0,0,0.24690900000000002,83.6462,26,0.5600214088235294,0.3911764705882353,190.407279,340,42839.73,-1.6676,1,1.01246,hold,211
16,iOS App Development with Swift,5,Mobile Development,INTERMEDIATE,react,299.99,219.99,26.6676,232.49,22.5,0,0.24690900000000002,83.6462,26,0.5406238088235295,0.3,183.812095,340,42734.47,-4.1676,2,1.009972,increase,212
16,iOS App Development with Swift,5,Mobile Development,INTERMEDIATE,react,299.99,219.99,26.6676,219.99,26.6676,1,0.24690900000000002,83.6462,26,0.5657012823529411,0.4147058823529412,192.338436,340,42312.53,0.0,3,1.0,hold,213
16,iOS App Development with Swift,5,Mobile Development,INTERMEDIATE,react,299.99,219.99,26.6676,217.49,27.5,0,0.24690900000000002,83.6462,26,0.5696161264705882,0.36764705882352944,193.669483,340,42121.18,0.8324,4,0.995478,hold,214
16,iOS App Development with Swift,5,Mobile Development,INTERMEDIATE,react,299.99,219.99,26.6676,239.99,20.0,0,0.24690900000000002,83.6462,26,0.4930677441176471,0.2647058823529412,167.643033,340,40232.65,-6.6676,5,0.950845,increase,215
16,iOS App Development with Swift,5,Mobile Development,INTERMEDIATE,react,299.99,219.99,26.6676,209.99,30.0,0,0.24690900000000002,83.6462,26,0.5513518088235294,0.28823529411764703,187.459615,340,39364.64,3.3324,6,0.930331,decrease,216
16,iOS App Development with Swift,5,Mobile Development,INTERMEDIATE,react,299.99,219.99,26.6676,202.49,32.5,0,0.24690900000000002,83.6462,26,0.5015319411764706,0.24705882352941178,170.52086,340,34528.77,5.8324,7,0.816041,decrease,217
16,iOS App Development with Swift,5,Mobile Development,INTERMEDIATE,react,299.99,219.99,26.6676,247.49,17.5,0,0.24690900000000002,83.6462,26,0.4068405352941177,0.19411764705882353,138.325782,340,34234.25,-9.1676,8,0.809081,increase,218
16,iOS App Development with Swift,5,Mobile Development,INTERMEDIATE,react,299.99,219.99,26.6676,194.99,35.0,0,0.24690900000000002,83.6462,26,0.4529232794117647,0.23529411764705882,153.993915,340,30027.27,8.3324,9,0.709654,decrease,219
16,iOS App Development with Swift,5,Mobile Development,INTERMEDIATE,react,299.99,219.99,26.6676,254.99,15.0,0,0.24690900000000002,83.6462,26,0.32793500294117645,0.15,111.497901,340,28430.85,-11.6676,10,0.671925,increase,220
16,iOS App Development with Swift,5,Mobile Development,INTERMEDIATE,react,299.99,219.99,26.6676,262.49,12.5,0,0.24690900000000002,83.6462,26,0.2549377352941177,0.12058823529411765,86.67883,340,22752.33,-14.1676,11,0.537721,increase,221
16,iOS App Development with Swift,5,Mobile Development,INTERMEDIATE,react,299.99,219.99,26.6676,187.49,37.5,0,0.24690900000000002,83.6462,26,0.3439398382352941,0.17352941176470588,116.939545,340,21925.0,10.8324,12,0.518168,decrease,222
16,iOS App Development with Swift,5,Mobile Development,INTERMEDIATE,react,299.99,219.99,26.6676,269.99,10.0,0,0.24690900000000002,83.6462,26,0.21319960588235293,0.08529411764705883,72.487866,340,19571.0,-16.6676,13,0.462534,increase,223
16,iOS App Development with Swift,5,Mobile Development,INTERMEDIATE,react,299.99,219.99,26.6676,179.99,40.0,0,0.24690900000000002,83.6462,26,0.29899123529411764,0.12352941176470589,101.65702,340,18297.25,13.3324,14,0.432431,decrease,224
16,iOS App Development with Swift,5,Mobile Development,INTERMEDIATE,react,299.99,219.99,26.6676,164.99,45.0,0,0.24690900000000002,83.6462,26,0.18365356470588234,0.052941176470588235,62.442212,340,10302.34,18.3324,15,0.243482,decrease,225
17,React Native Cross-Platform Development,5,Mobile Development,INTERMEDIATE,react,249.99,179.99,28.0011,193.74,22.5,0,0.24690900000000002,83.6462,26,0.5729979911764707,0.3264705882352941,194.819317,340,37744.29,-5.5011,1,1.050616,increase,226
17,React Native Cross-Platform Development,5,Mobile Development,INTERMEDIATE,react,249.99,179.99,28.0011,187.49,25.0,0,0.24690900000000002,83.6462,26,0.5849064264705882,0.3411764705882353,198.868185,340,37285.8,-3.0011,2,1.037853,increase,227
17,React Native Cross-Platform Development,5,Mobile Development,INTERMEDIATE,react,249.99,179.99,28.0011,181.24,27.5,0,0.24690900000000002,83.6462,26,0.5937205264705883,0.4411764705882353,201.864979,340,36586.01,-0.5011,3,1.018375,hold,228
17,React Native Cross-Platform Development,5,Mobile Development,INTERMEDIATE,react,249.99,179.99,28.0011,179.99,28.0011,1,0.24690900000000002,83.6462,26,0.5870567764705882,0.3558823529411765,199.599304,340,35925.88,0.0,4,1.0,hold,229
17,React Native Cross-Platform Development,5,Mobile Development,INTERMEDIATE,react,249.99,179.99,28.0011,199.99,20.0,0,0.24690900000000002,83.6462,26,0.5213013911764706,0.2529411764705882,177.242473,340,35446.72,-8.0011,5,0.986663,increase,230
17,React Native Cross-Platform Development,5,Mobile Development,INTERMEDIATE,react,249.99,179.99,28.0011,174.99,30.0,0,0.24690900000000002,83.6462,26,0.5751934147058824,0.34411764705882353,195.565761,340,34222.05,1.9989,6,0.952574,hold,231
17,React Native Cross-Platform Development,5,Mobile Development,INTERMEDIATE,react,249.99,179.99,28.0011,206.24,17.5,0,0.24690900000000002,83.6462,26,0.463848005882353,0.21176470588235294,157.708322,340,32525.76,-10.5011,7,0.905357,increase,232
17,React Native Cross-Platform Development,5,Mobile Development,INTERMEDIATE,react,249.99,179.99,28.0011,168.74,32.5,0,0.24690900000000002,83.6462,26,0.51831955,0.29411764705882354,176.228647,340,29736.82,4.4989,8,0.827727,decrease,233
17,React Native Cross-Platform Development,5,Mobile Development,INTERMEDIATE,react,249.99,179.99,28.0011,212.49,15.0,0,0.24690900000000002,83.6462,26,0.3524386882352941,0.14411764705882352,119.829154,340,25462.5,-13.0011,9,0.708751,increase,234
17,React Native Cross-Platform Development,5,Mobile Development,INTERMEDIATE,react,249.99,179.99,28.0011,162.49,35.0,0,0.24690900000000002,83.6462,26,0.4235996235294118,0.17941176470588235,144.023872,340,23402.44,6.9989,10,0.651409,decrease,235
17,React Native Cross-Platform Development,5,Mobile Development,INTERMEDIATE,react,249.99,179.99,28.0011,218.74,12.5,0,0.24690900000000002,83.6462,26,0.2983579647058824,0.12058823529411765,101.441708,340,22189.36,-15.5011,11,0.617643,increase,236
17,React Native Cross-Platform Development,5,Mobile Development,INTERMEDIATE,react,249.99,179.99,28.0011,224.99,10.0,0,0.24690900000000002,83.6462,26,0.2555507117647059,0.09117647058823529,86.887242,340,19548.76,-18.0011,12,0.544141,increase,237
17,React Native Cross-Platform Development,5,Mobile Development,INTERMEDIATE,react,249.99,179.99,28.0011,156.24,37.5,0,0.24690900000000002,83.6462,26,0.36692999411764704,0.2,124.756198,340,19491.91,9.4989,13,0.542559,decrease,238
17,React Native Cross-Platform Development,5,Mobile Development,INTERMEDIATE,react,249.99,179.99,28.0011,149.99,40.0,0,0.24690900000000002,83.6462,26,0.2790326294117647,0.1264705882352941,94.871094,340,14229.72,11.9989,14,0.396085,decrease,239
17,React Native Cross-Platform Development,5,Mobile Development,INTERMEDIATE,react,249.99,179.99,28.0011,137.49,45.0,0,0.24690900000000002,83.6462,26,0.18140538235294118,0.061764705882352944,61.67783,340,8480.08,16.9989,15,0.236044,decrease,240
18,Business Strategy & Planning Fundamentals,6,Business,BEGINNER,general,199.99,129.99,35.0018,149.99,25.0,0,0.362465,62.5,4,0.6122317205882353,0.42058823529411765,208.158785,340,31221.74,-10.0018,1,1.407448,increase,241
18,Business Strategy & Planning Fundamentals,6,Business,BEGINNER,general,199.99,129.99,35.0018,144.99,27.5,0,0.362465,62.5,4,0.62059185,0.4470588235294118,211.001229,340,30593.07,-7.5018,2,1.379108,increase,242
18,Business Strategy & Planning Fundamentals,6,Business,BEGINNER,general,199.99,129.99,35.0018,154.99,22.5,0,0.362465,62.5,4,0.5686537235294118,0.3735294117647059,193.342266,340,29966.12,-12.5018,3,1.350846,increase,243
18,Business Strategy & Planning Fundamentals,6,Business,BEGINNER,general,199.99,129.99,35.0018,139.99,30.0,0,0.362465,62.5,4,0.6264029323529412,0.4147058823529412,212.976997,340,29814.65,-5.0018,4,1.344018,increase,244
18,Business Strategy & Planning Fundamentals,6,Business,BEGINNER,general,199.99,129.99,35.0018,134.99,32.5,0,0.362465,62.5,4,0.5954836235294118,0.3088235294117647,202.464432,340,27330.67,-2.5018,5,1.232042,increase,245
18,Business Strategy & Planning Fundamentals,6,Business,BEGINNER,general,199.99,129.99,35.0018,159.99,20.0,0,0.362465,62.5,4,0.4921299911764706,0.2735294117647059,167.324197,340,26770.2,-15.0018,6,1.206776,increase,246
18,Business Strategy & Planning Fundamentals,6,Business,BEGINNER,general,199.99,129.99,35.0018,164.99,17.5,0,0.362465,62.5,4,0.42837628823529417,0.24411764705882352,145.647938,340,24030.45,-17.5018,7,1.083271,increase,247
18,Business Strategy & Planning Fundamentals,6,Business,BEGINNER,general,199.99,129.99,35.0018,129.99,35.0,0,0.362465,62.5,4,0.5257232647058824,0.26176470588235295,178.74591,340,23235.18,-0.0018,8,1.047421,hold,248
18,Business Strategy & Planning Fundamentals,6,Business,BEGINNER,general,199.99,129.99,35.0018,129.99,35.0018,1,0.362465,62.5,4,0.5019216029411765,0.22941176470588234,170.653345,340,22183.23,0.0,9,1.0,hold,249
18,Business Strategy & Planning Fundamentals,6,Business,BEGINNER,general,199.99,129.99,35.0018,169.99,15.0,0,0.362465,62.5,4,0.35091337647058823,0.19705882352941176,119.310548,340,20281.6,-20.0018,10,0.914276,increase,250
18,Business Strategy & Planning Fundamentals,6,Business,BEGINNER,general,199.99,129.99,35.0018,124.99,37.5,0,0.362465,62.5,4,0.43919479117647064,0.18823529411764706,149.326229,340,18664.29,2.4982,11,0.841369,decrease,251
18,Business Strategy & Planning Fundamentals,6,Business,BEGINNER,general,199.99,129.99,35.0018,174.99,12.5,0,0.362465,62.5,4,0.30074986470588233,0.1588235294117647,102.254954,340,17893.59,-22.5018,12,0.806627,increase,252
18,Business Strategy & Planning Fundamentals,6,Business,BEGINNER,general,199.99,129.99,35.0018,179.99,10.0,0,0.362465,62.5,4,0.26963202058823527,0.10294117647058823,91.674887,340,16500.56,-25.0018,13,0.74383,increase,253
18,Business Strategy & Planning Fundamentals,6,Business,BEGINNER,general,199.99,129.99,35.0018,119.99,40.0,0,0.362465,62.5,4,0.3452939235294118,0.1588235294117647,117.399934,340,14086.82,4.9982,14,0.635021,decrease,254
18,Business Strategy & Planning Fundamentals,6,Business,BEGINNER,general,199.99,129.99,35.0018,109.99,45.0,0,0.362465,62.5,4,0.18694195,0.07647058823529412,63.560263,340,6990.99,9.9982,15,0.315148,decrease,255
19,Project Management Professional (PMP) Prep,6,Business,INTERMEDIATE,general,249.99,179.99,28.0011,193.74,22.5,0,0.362465,62.5,4,0.608056394117647,0.3382352941176471,206.739174,340,40053.65,-5.5011,1,1.038444,increase,256
19,Project Management Professional (PMP) Prep,6,Business,INTERMEDIATE,general,249.99,179.99,28.0011,187.49,25.0,0,0.362465,62.5,4,0.6241979470588236,0.4588235294117647,212.227302,340,39790.5,-3.0011,2,1.031621,increase,257
19,Project Management Professional (PMP) Prep,6,Business,INTERMEDIATE,general,249.99,179.99,28.0011,181.24,27.5,0,0.362465,62.5,4,0.6311757588235294,0.4970588235294118,214.599758,340,38894.06,-0.5011,3,1.00838,hold,258
19,Project Management Professional (PMP) Prep,6,Business,INTERMEDIATE,general,249.99,179.99,28.0011,179.99,28.0011,1,0.362465,62.5,4,0.6302774705882354,0.46176470588235297,214.29434,340,38570.84,0.0,4,1.0,hold,259
19,Project Management Professional (PMP) Prep,6,Business,INTERMEDIATE,general,249.99,179.99,28.0011,199.99,20.0,0,0.362465,62.5,4,0.5608225617647059,0.32941176470588235,190.679671,340,38134.03,-8.0011,5,0.988675,increase,260
19,Project Management Professional (PMP) Prep,6,Business,INTERMEDIATE,general,249.99,179.99,28.0011,174.99,30.0,0,0.362465,62.5,4,0.6267750617647059,0.42058823529411765,213.103521,340,37290.99,1.9989,6,0.966818,hold,261
19,Project Management Professional (PMP) Prep,6,Business,INTERMEDIATE,general,249.99,179.99,28.0011,168.74,32.5,0,0.362465,62.5,4,0.5811416147058823,0.3235294117647059,197.588149,340,33341.02,4.4989,7,0.86441,decrease,262
19,Project Management Professional (PMP) Prep,6,Business,INTERMEDIATE,general,249.99,179.99,28.0011,206.24,17.5,0,0.362465,62.5,4,0.47232375000000004,0.2323529411764706,160.590075,340,33120.1,-10.5011,8,0.858682,increase,263
19,Project Management Professional (PMP) Prep,6,Business,INTERMEDIATE,general,249.99,179.99,28.0011,162.49,35.0,0,0.362465,62.5,4,0.5268220411764706,0.2735294117647059,179.119494,340,29105.13,6.9989,9,0.754589,decrease,264
19,Project Management Professional (PMP) Prep,6,Business,INTERMEDIATE,general,249.99,179.99,28.0011,212.49,15.0,0,0.362465,62.5,4,0.3677978911764706,0.17941176470588235,125.051283,340,26572.15,-13.0011,10,0.688918,increase,265
19,Project Management Professional (PMP) Prep,6,Business,INTERMEDIATE,general,249.99,179.99,28.0011,156.24,37.5,0,0.362465,62.5,4,0.47382184999999993,0.3088235294117647,161.099429,340,25170.17,9.4989,11,0.65257,decrease,266
19,Project Management Professional (PMP) Prep,6,Business,INTERMEDIATE,general,249.99,179.99,28.0011,218.74,12.5,0,0.362465,62.5,4,0.3155032794117647,0.18529411764705883,107.271115,340,23464.48,-15.5011,12,0.608348,increase,267
19,Project Management Professional (PMP) Prep,6,Business,INTERMEDIATE,general,249.99,179.99,28.0011,224.99,10.0,0,0.362465,62.5,4,0.2690378911764706,0.11176470588235295,91.472883,340,20580.48,-18.0011,13,0.533576,increase,268
19,Project Management Professional (PMP) Prep,6,Business,INTERMEDIATE,general,249.99,179.99,28.0011,149.99,40.0,0,0.362465,62.5,4,0.3490714,0.18235294117647058,118.684276,340,17801.45,11.9989,14,0.461526,decrease,269
19,Project Management Professional (PMP) Prep,6,Business,INTERMEDIATE,general,249.99,179.99,28.0011,137.49,45.0,0,0.362465,62.5,4,0.21809241470588234,0.09411764705882353,74.151421,340,10195.08,16.9989,15,0.264321,decrease,270
20,MBA Essentials - Business Leadership Track,6,Business,ADVANCED,general,499.99,349.99,30.0006,349.99,30.0,0,0.362465,62.5,4,0.3257260588235294,0.21764705882352942,110.74686,340,38760.29,-0.0006,1,1.010258,hold,271
20,MBA Essentials - Business Leadership Track,6,Business,ADVANCED,general,499.99,349.99,30.0006,349.99,30.0006,1,0.362465,62.5,4,0.32241855882352943,0.19705882352941176,109.62231,340,38366.71,0.0,2,1.0,hold,272
20,MBA Essentials - Business Leadership Track,6,Business,ADVANCED,general,499.99,349.99,30.0006,337.49,32.5,0,0.362465,62.5,4,0.33196894411764705,0.17352941176470588,112.869441,340,38092.31,2.4994,3,0.992848,decrease,273
20,MBA Essentials - Business Leadership Track,6,Business,ADVANCED,general,499.99,349.99,30.0006,324.99,35.0,0,0.362465,62.5,4,0.33790359411764703,0.17058823529411765,114.887222,340,37337.2,4.9994,4,0.973167,decrease,274
20,MBA Essentials - Business Leadership Track,6,Business,ADVANCED,general,499.99,349.99,30.0006,362.49,27.5,0,0.362465,62.5,4,0.2991389294117647,0.19117647058823528,101.707236,340,36867.86,-2.5006,5,0.960934,increase,275
20,MBA Essentials - Business Leadership Track,6,Business,ADVANCED,general,499.99,349.99,30.0006,312.49,37.5,0,0.362465,62.5,4,0.32512204411764706,0.17647058823529413,110.541495,340,34543.11,7.4994,6,0.900341,decrease,276
20,MBA Essentials - Business Leadership Track,6,Business,ADVANCED,general,499.99,349.99,30.0006,374.99,25.0,0,0.362465,62.5,4,0.25707277647058824,0.14411764705882352,87.404744,340,32775.9,-5.0006,7,0.85428,increase,277
20,MBA Essentials - Business Leadership Track,6,Business,ADVANCED,general,499.99,349.99,30.0006,387.49,22.5,0,0.362465,62.5,4,0.22806858529411764,0.12352941176470589,77.543319,340,30047.26,-7.5006,8,0.78316,increase,278
20,MBA Essentials - Business Leadership Track,6,Business,ADVANCED,general,499.99,349.99,30.0006,299.99,40.0,0,0.362465,62.5,4,0.2681192205882353,0.12352941176470589,91.160535,340,27347.25,9.9994,9,0.712786,decrease,279
20,MBA Essentials - Business Leadership Track,6,Business,ADVANCED,general,499.99,349.99,30.0006,399.99,20.0,0,0.362465,62.5,4,0.17491393529411764,0.08235294117647059,59.470738,340,23787.7,-10.0006,10,0.620009,increase,280
20,MBA Essentials - Business Leadership Track,6,Business,ADVANCED,general,499.99,349.99,30.0006,274.99,45.0,0,0.362465,62.5,4,0.19661171470588235,0.06470588235294118,66.847983,340,18382.53,14.9994,11,0.479127,decrease,281
20,MBA Essentials - Business Leadership Track,6,Business,ADVANCED,general,499.99,349.99,30.0006,412.49,17.5,0,0.362465,62.5,4,0.1033216794117647,0.047058823529411764,35.129371,340,14490.51,-12.5006,12,0.377684,increase,282
20,MBA Essentials - Business Leadership Track,6,Business,ADVANCED,general,499.99,349.99,30.0006,424.99,15.0,0,0.362465,62.5,4,0.07087308235294118,0.03529411764705882,24.096848,340,10240.92,-15.0006,13,0.266922,increase,283
20,MBA Essentials - Business Leadership Track,6,Business,ADVANCED,general,499.99,349.99,30.0006,437.49,12.5,0,0.362465,62.5,4,0.05992306176470588,0.026470588235294117,20.373841,340,8913.35,-17.5006,14,0.23232,increase,284
20,MBA Essentials - Business Leadership Track,6,Business,ADVANCED,general,499.99,349.99,30.0006,449.99,10.0,0,0.362465,62.5,4,0.04293052941176471,0.0029411764705882353,14.59638,340,6568.23,-20.0006,15,0.171196,increase,285
21,Digital Marketing Complete Guide,7,Marketing,BEGINNER,general,249.99,169.99,32.0013,187.49,25.0,0,0.362465,62.5,4,0.61608685,0.4294117647058823,209.469529,340,39273.44,-7.0013,1,1.100896,increase,286
21,Digital Marketing Complete Guide,7,Marketing,BEGINNER,general,249.99,169.99,32.0013,193.74,22.5,0,0.362465,62.5,4,0.5904821117647059,0.37941176470588234,200.763918,340,38896.0,-9.5013,2,1.090316,increase,287
21,Digital Marketing Complete Guide,7,Marketing,BEGINNER,general,249.99,169.99,32.0013,181.24,27.5,0,0.362465,62.5,4,0.6274523000000001,0.47352941176470587,213.333782,340,38664.61,-4.5013,3,1.08383,increase,288
21,Digital Marketing Complete Guide,7,Marketing,BEGINNER,general,249.99,169.99,32.0013,174.99,30.0,0,0.362465,62.5,4,0.6261941941176471,0.4088235294117647,212.906026,340,37256.43,-2.0013,4,1.044356,hold,289
21,Digital Marketing Complete Guide,7,Marketing,BEGINNER,general,249.99,169.99,32.0013,199.99,20.0,0,0.362465,62.5,4,0.5303227352941177,0.2911764705882353,180.30973,340,36060.14,-12.0013,5,1.010822,increase,290
21,Digital Marketing Complete Guide,7,Marketing,BEGINNER,general,249.99,169.99,32.0013,169.99,32.0013,1,0.362465,62.5,4,0.6172347205882353,0.3558823529411765,209.859805,340,35674.07,0.0,6,1.0,hold,291
21,Digital Marketing Complete Guide,7,Marketing,BEGINNER,general,249.99,169.99,32.0013,168.74,32.5,0,0.362465,62.5,4,0.6033933382352942,0.3411764705882353,205.153735,340,34617.64,0.4987,7,0.970387,hold,292
21,Digital Marketing Complete Guide,7,Marketing,BEGINNER,general,249.99,169.99,32.0013,162.49,35.0,0,0.362465,62.5,4,0.5469855205882352,0.2647058823529412,185.975077,340,30219.09,2.9987,8,0.847088,decrease,293
21,Digital Marketing Complete Guide,7,Marketing,BEGINNER,general,249.99,169.99,32.0013,206.24,17.5,0,0.362465,62.5,4,0.42152032647058824,0.21176470588235294,143.316911,340,29557.68,-14.5013,9,0.828548,increase,294
21,Digital Marketing Complete Guide,7,Marketing,BEGINNER,general,249.99,169.99,32.0013,212.49,15.0,0,0.362465,62.5,4,0.35167365,0.18235294117647058,119.569041,340,25407.23,-17.0013,10,0.712204,increase,295
21,Digital Marketing Complete Guide,7,Marketing,BEGINNER,general,249.99,169.99,32.0013,156.24,37.5,0,0.362465,62.5,4,0.4718162794117647,0.22941176470588234,160.417535,340,25063.64,5.4987,11,0.702573,decrease,296
21,Digital Marketing Complete Guide,7,Marketing,BEGINNER,general,249.99,169.99,32.0013,218.74,12.5,0,0.362465,62.5,4,0.30089708235294116,0.15,102.305008,340,22378.2,-19.5013,12,0.627296,increase,297
21,Digital Marketing Complete Guide,7,Marketing,BEGINNER,general,249.99,169.99,32.0013,149.99,40.0,0,0.362465,62.5,4,0.3910039029411765,0.16470588235294117,132.941327,340,19939.87,7.9987,13,0.558946,decrease,298
21,Digital Marketing Complete Guide,7,Marketing,BEGINNER,general,249.99,169.99,32.0013,224.99,10.0,0,0.362465,62.5,4,0.24211854411764708,0.08823529411764706,82.320305,340,18521.25,-22.0013,14,0.51918,increase,299
21,Digital Marketing Complete Guide,7,Marketing,BEGINNER,general,249.99,169.99,32.0013,137.49,45.0,0,0.362465,62.5,4,0.22731311764705883,0.09705882352941177,77.28646,340,10626.12,12.9987,15,0.297867,decrease,300
22,Advanced SEO & Growth Marketing,7,Marketing,INTERMEDIATE,general,279.99,199.99,28.5724,216.99,22.5,0,0.362465,62.5,4,0.5894081117647059,0.39705882352941174,200.398758,340,43484.53,-6.0724,1,1.038267,increase,301
22,Advanced SEO & Growth Marketing,7,Marketing,INTERMEDIATE,general,279.99,199.99,28.5724,209.99,25.0,0,0.362465,62.5,4,0.6056631117647059,0.45,205.925458,340,43242.29,-3.5724,2,1.032484,increase,302
22,Advanced SEO & Growth Marketing,7,Marketing,INTERMEDIATE,general,279.99,199.99,28.5724,202.99,27.5,0,0.362465,62.5,4,0.6153597794117648,0.4676470588235294,209.222325,340,42470.04,-1.0724,3,1.014045,hold,303
22,Advanced SEO & Growth Marketing,7,Marketing,INTERMEDIATE,general,279.99,199.99,28.5724,199.99,28.5724,1,0.362465,62.5,4,0.6159399676470588,0.45294117647058824,209.419589,340,41881.82,0.0,4,1.0,hold,304
22,Advanced SEO & Growth Marketing,7,Marketing,INTERMEDIATE,general,279.99,199.99,28.5724,195.99,30.0,0,0.362465,62.5,4,0.6178378058823529,0.3911764705882353,210.064854,340,41170.61,1.4276,5,0.983019,hold,305
22,Advanced SEO & Growth Marketing,7,Marketing,INTERMEDIATE,general,279.99,199.99,28.5724,223.99,20.0,0,0.362465,62.5,4,0.5339170882352942,0.2676470588235294,181.53181,340,40661.31,-8.5724,6,0.970858,increase,306
22,Advanced SEO & Growth Marketing,7,Marketing,INTERMEDIATE,general,279.99,199.99,28.5724,188.99,32.5,0,0.362465,62.5,4,0.5958309235294118,0.37058823529411766,202.582514,340,38286.07,3.9276,7,0.914145,decrease,307
22,Advanced SEO & Growth Marketing,7,Marketing,INTERMEDIATE,general,279.99,199.99,28.5724,230.99,17.5,0,0.362465,62.5,4,0.44456759411764707,0.2088235294117647,151.152982,340,34914.83,-11.0724,8,0.833651,increase,308
22,Advanced SEO & Growth Marketing,7,Marketing,INTERMEDIATE,general,279.99,199.99,28.5724,181.99,35.0,0,0.362465,62.5,4,0.5306326294117647,0.2911764705882353,180.415094,340,32833.74,6.4276,9,0.783962,decrease,309
22,Advanced SEO & Growth Marketing,7,Marketing,INTERMEDIATE,general,279.99,199.99,28.5724,237.99,15.0,0,0.362465,62.5,4,0.33826592647058823,0.17941176470588235,115.010415,340,27371.33,-13.5724,10,0.653537,increase,310
22,Advanced SEO & Growth Marketing,7,Marketing,INTERMEDIATE,general,279.99,199.99,28.5724,174.99,37.5,0,0.362465,62.5,4,0.4477520823529411,0.2529411764705882,152.235708,340,26639.73,8.9276,11,0.636069,decrease,311
22,Advanced SEO & Growth Marketing,7,Marketing,INTERMEDIATE,general,279.99,199.99,28.5724,244.99,12.5,0,0.362465,62.5,4,0.29333965588235295,0.13823529411764707,99.735483,340,24434.2,-16.0724,12,0.583408,increase,312
22,Advanced SEO & Growth Marketing,7,Marketing,INTERMEDIATE,general,279.99,199.99,28.5724,251.99,10.0,0,0.362465,62.5,4,0.2515267823529412,0.10882352941176471,85.519106,340,21549.96,-18.5724,13,0.514542,increase,313
22,Advanced SEO & Growth Marketing,7,Marketing,INTERMEDIATE,general,279.99,199.99,28.5724,167.99,40.0,0,0.362465,62.5,4,0.3313870294117647,0.15,112.67159,340,18927.7,11.4276,14,0.451931,decrease,314
22,Advanced SEO & Growth Marketing,7,Marketing,INTERMEDIATE,general,279.99,199.99,28.5724,153.99,45.0,0,0.362465,62.5,4,0.24419791470588237,0.11470588235294117,83.027291,340,12785.37,16.4276,15,0.305273,decrease,315
23,Social Media Marketing Mastery,7,Marketing,BEGINNER,general,179.99,119.99,33.3352,139.49,22.5,0,0.362465,62.5,4,0.5917422588235294,0.3588235294117647,201.192368,340,28064.32,-10.8352,1,1.372226,increase,316
23,Social Media Marketing Mastery,7,Marketing,BEGINNER,general,179.99,119.99,33.3352,134.99,25.0,0,0.362465,62.5,4,0.6082739823529412,0.3911764705882353,206.813154,340,27917.71,-8.3352,2,1.365057,increase,317
23,Social Media Marketing Mastery,7,Marketing,BEGINNER,general,179.99,119.99,33.3352,130.49,27.5,0,0.362465,62.5,4,0.6177856411764706,0.45,210.047118,340,27409.05,-5.8352,3,1.340186,increase,318
23,Social Media Marketing Mastery,7,Marketing,BEGINNER,general,179.99,119.99,33.3352,125.99,30.0,0,0.362465,62.5,4,0.5981436588235294,0.3941176470588235,203.368844,340,25622.44,-3.3352,4,1.252828,increase,319
23,Social Media Marketing Mastery,7,Marketing,BEGINNER,general,179.99,119.99,33.3352,143.99,20.0,0,0.362465,62.5,4,0.5229355088235293,0.3029411764705882,177.798073,340,25601.14,-13.3352,5,1.251787,increase,320
23,Social Media Marketing Mastery,7,Marketing,BEGINNER,general,179.99,119.99,33.3352,121.49,32.5,0,0.362465,62.5,4,0.5444849411764705,0.28823529411764703,185.12488,340,22490.82,-0.8352,6,1.099705,hold,321
23,Social Media Marketing Mastery,7,Marketing,BEGINNER,general,179.99,119.99,33.3352,148.49,17.5,0,0.362465,62.5,4,0.43901021470588236,0.23823529411764705,149.263473,340,22164.13,-15.8352,7,1.083732,increase,322
23,Social Media Marketing Mastery,7,Marketing,BEGINNER,general,179.99,119.99,33.3352,119.99,33.3352,1,0.362465,62.5,4,0.501308455882353,0.27058823529411763,170.444875,340,20451.68,0.0,8,1.0,hold,323
23,Social Media Marketing Mastery,7,Marketing,BEGINNER,general,179.99,119.99,33.3352,116.99,35.0,0,0.362465,62.5,4,0.4754849294117647,0.2823529411764706,161.664876,340,18913.17,1.6648,9,0.924773,hold,324
23,Social Media Marketing Mastery,7,Marketing,BEGINNER,general,179.99,119.99,33.3352,152.99,15.0,0,0.362465,62.5,4,0.3466658764705882,0.1588235294117647,117.866398,340,18032.38,-18.3352,10,0.881707,increase,325
23,Social Media Marketing Mastery,7,Marketing,BEGINNER,general,179.99,119.99,33.3352,157.49,12.5,0,0.362465,62.5,4,0.30430976764705886,0.13529411764705881,103.465321,340,16294.75,-20.8352,11,0.796744,increase,326
23,Social Media Marketing Mastery,7,Marketing,BEGINNER,general,179.99,119.99,33.3352,161.99,10.0,0,0.362465,62.5,4,0.27316839117647057,0.09411764705882353,92.877253,340,15045.19,-23.3352,12,0.735646,increase,327
23,Social Media Marketing Mastery,7,Marketing,BEGINNER,general,179.99,119.99,33.3352,112.49,37.5,0,0.362465,62.5,4,0.3705901617647059,0.2,126.000655,340,14173.81,4.1648,13,0.693039,decrease,328
23,Social Media Marketing Mastery,7,Marketing,BEGINNER,general,179.99,119.99,33.3352,107.99,40.0,0,0.362465,62.5,4,0.2844664470588235,0.13823529411764707,96.718592,340,10444.64,6.6648,14,0.510698,decrease,329
23,Social Media Marketing Mastery,7,Marketing,BEGINNER,general,179.99,119.99,33.3352,98.99,45.0,0,0.362465,62.5,4,0.16942422352941178,0.08529411764705883,57.604236,340,5702.24,11.6648,15,0.278815,decrease,330
24,UI/UX Design with Figma,8,Design,BEGINNER,general,249.99,169.99,32.0013,187.49,25.0,0,0.362465,62.5,4,0.6172786529411765,0.3735294117647059,209.874742,340,39349.42,-7.0013,1,1.09805,increase,331
24,UI/UX Design with Figma,8,Design,BEGINNER,general,249.99,169.99,32.0013,193.74,22.5,0,0.362465,62.5,4,0.5907511382352941,0.34705882352941175,200.855387,340,38913.72,-9.5013,2,1.085892,increase,332
24,UI/UX Design with Figma,8,Design,BEGINNER,general,249.99,169.99,32.0013,181.24,27.5,0,0.362465,62.5,4,0.6295634794117647,0.5,214.051583,340,38794.71,-4.5013,3,1.082571,increase,333
24,UI/UX Design with Figma,8,Design,BEGINNER,general,249.99,169.99,32.0013,174.99,30.0,0,0.362465,62.5,4,0.6286470529411765,0.45588235294117646,213.739998,340,37402.36,-2.0013,4,1.043717,hold,334
24,UI/UX Design with Figma,8,Design,BEGINNER,general,249.99,169.99,32.0013,199.99,20.0,0,0.362465,62.5,4,0.5341568588235295,0.3176470588235294,181.613332,340,36320.85,-12.0013,5,1.013537,increase,335
24,UI/UX Design with Figma,8,Design,BEGINNER,general,249.99,169.99,32.0013,169.99,32.0013,1,0.362465,62.5,4,0.620031855882353,0.3735294117647059,210.810831,340,35835.73,0.0,6,1.0,hold,336
24,UI/UX Design with Figma,8,Design,BEGINNER,general,249.99,169.99,32.0013,168.74,32.5,0,0.362465,62.5,4,0.6067898264705882,0.38529411764705884,206.308541,340,34812.5,0.4987,7,0.971447,hold,337
24,UI/UX Design with Figma,8,Design,BEGINNER,general,249.99,169.99,32.0013,162.49,35.0,0,0.362465,62.5,4,0.5538660647058823,0.2852941176470588,188.314462,340,30599.22,2.9987,8,0.853875,decrease,338
24,UI/UX Design with Figma,8,Design,BEGINNER,general,249.99,169.99,32.0013,206.24,17.5,0,0.362465,62.5,4,0.42232280294117647,0.2411764705882353,143.589753,340,29613.95,-14.5013,9,0.826381,increase,339
24,UI/UX Design with Figma,8,Design,BEGINNER,general,249.99,169.99,32.0013,156.24,37.5,0,0.362465,62.5,4,0.48152285294117647,0.2323529411764706,163.71777,340,25579.26,5.4987,10,0.713792,decrease,340
24,UI/UX Design with Figma,8,Design,BEGINNER,general,249.99,169.99,32.0013,212.49,15.0,0,0.362465,62.5,4,0.35107483529411765,0.17941176470588235,119.365444,340,25363.96,-17.0013,11,0.707784,increase,341
24,UI/UX Design with Figma,8,Design,BEGINNER,general,249.99,169.99,32.0013,218.74,12.5,0,0.362465,62.5,4,0.3015307911764706,0.16176470588235295,102.520469,340,22425.33,-19.5013,12,0.625781,increase,342
24,UI/UX Design with Figma,8,Design,BEGINNER,general,249.99,169.99,32.0013,149.99,40.0,0,0.362465,62.5,4,0.4060177147058823,0.19117647058823528,138.046023,340,20705.52,7.9987,13,0.57779,decrease,343
24,UI/UX Design with Figma,8,Design,BEGINNER,general,249.99,169.99,32.0013,224.99,10.0,0,0.362465,62.5,4,0.24548577647058825,0.08235294117647059,83.465164,340,18778.83,-22.0013,14,0.524025,increase,344
24,UI/UX Design with Figma,8,Design,BEGINNER,general,249.99,169.99,32.0013,137.49,45.0,0,0.362465,62.5,4,0.24709674705882353,0.1323529411764706,84.012894,340,11550.93,12.9987,15,0.32233,decrease,345
25,Advanced Product Design & Design Systems,8,Design,ADVANCED,general,329.99,239.99,27.2736,247.49,25.0,0,0.362465,62.5,4,0.5348952529411765,0.32941176470588235,181.864386,340,45009.62,-2.2736,1,1.007357,increase,346
25,Advanced Product Design & Design Systems,8,Design,ADVANCED,general,329.99,239.99,27.2736,239.99,27.2736,1,0.362465,62.5,4,0.5475830676470589,0.38529411764705884,186.178243,340,44680.92,0.0,2,1.0,hold,347
25,Advanced Product Design & Design Systems,8,Design,ADVANCED,general,329.99,239.99,27.2736,255.74,22.5,0,0.362465,62.5,4,0.5134742117647059,0.24411764705882352,174.581232,340,44647.4,-4.7736,3,0.99925,increase,348
25,Advanced Product Design & Design Systems,8,Design,ADVANCED,general,329.99,239.99,27.2736,239.24,27.5,0,0.362465,62.5,4,0.5488795323529412,0.35294117647058826,186.619041,340,44646.74,0.2264,4,0.999235,hold,349
25,Advanced Product Design & Design Systems,8,Design,ADVANCED,general,329.99,239.99,27.2736,230.99,30.0,0,0.362465,62.5,4,0.5558602,0.39705882352941174,188.992468,340,43655.37,2.7264,5,0.977047,decrease,350
25,Advanced Product Design & Design Systems,8,Design,ADVANCED,general,329.99,239.99,27.2736,263.99,20.0,0,0.362465,62.5,4,0.45519521176470584,0.23529411764705882,154.766372,340,40856.77,-7.2736,6,0.914412,increase,351
25,Advanced Product Design & Design Systems,8,Design,ADVANCED,general,329.99,239.99,27.2736,222.74,32.5,0,0.362465,62.5,4,0.5361641588235294,0.34705882352941175,182.295814,340,40604.57,5.2264,7,0.908768,decrease,352
25,Advanced Product Design & Design Systems,8,Design,ADVANCED,general,329.99,239.99,27.2736,214.49,35.0,0,0.362465,62.5,4,0.49547389117647056,0.3029411764705882,168.461123,340,36133.23,7.7264,8,0.808695,decrease,353
25,Advanced Product Design & Design Systems,8,Design,ADVANCED,general,329.99,239.99,27.2736,272.24,17.5,0,0.362465,62.5,4,0.3594231352941177,0.15,122.203866,340,33268.78,-9.7736,9,0.744586,increase,354
25,Advanced Product Design & Design Systems,8,Design,ADVANCED,general,329.99,239.99,27.2736,206.24,37.5,0,0.362465,62.5,4,0.42224898235294117,0.2323529411764706,143.564654,340,29608.77,10.2264,10,0.662671,decrease,355
25,Advanced Product Design & Design Systems,8,Design,ADVANCED,general,329.99,239.99,27.2736,280.49,15.0,0,0.362465,62.5,4,0.27632393823529416,0.12941176470588237,93.95013900000001,340,26352.07,-12.2736,11,0.589784,increase,356
25,Advanced Product Design & Design Systems,8,Design,ADVANCED,general,329.99,239.99,27.2736,197.99,40.0,0,0.362465,62.5,4,0.35897585294117645,0.21176470588235294,122.05179,340,24165.03,12.7264,12,0.540836,decrease,357
25,Advanced Product Design & Design Systems,8,Design,ADVANCED,general,329.99,239.99,27.2736,288.74,12.5,0,0.362465,62.5,4,0.19593253823529413,0.06470588235294118,66.617063,340,19235.01,-14.7736,13,0.430497,increase,358
25,Advanced Product Design & Design Systems,8,Design,ADVANCED,general,329.99,239.99,27.2736,296.99,10.0,0,0.362465,62.5,4,0.17969664705882352,0.08529411764705883,61.09686,340,18145.16,-17.2736,14,0.406105,increase,359
25,Advanced Product Design & Design Systems,8,Design,ADVANCED,general,329.99,239.99,27.2736,181.49,45.0,0,0.362465,62.5,4,0.22321039705882353,0.09117647058823529,75.891535,340,13773.55,17.7264,15,0.308265,decrease,360
26,DevOps Engineering Bootcamp,9,DevOps,INTERMEDIATE,aws,319.99,229.99,28.1259,247.99,22.5,0,0.250718,100.0,7,0.538149255882353,0.37058823529411766,182.970747,340,45374.92,-5.6259,1,1.037748,increase,361
26,DevOps Engineering Bootcamp,9,DevOps,INTERMEDIATE,aws,319.99,229.99,28.1259,239.99,25.0,0,0.250718,100.0,7,0.5512097735294118,0.37941176470588234,187.411323,340,44976.84,-3.1259,2,1.028644,increase,362
26,DevOps Engineering Bootcamp,9,DevOps,INTERMEDIATE,aws,319.99,229.99,28.1259,231.99,27.5,0,0.250718,100.0,7,0.5605071882352941,0.34411764705882353,190.572444,340,44210.9,-0.6259,3,1.011127,hold,363
26,DevOps Engineering Bootcamp,9,DevOps,INTERMEDIATE,aws,319.99,229.99,28.1259,255.99,20.0,0,0.250718,100.0,7,0.5026157911764706,0.35,170.889369,340,43745.97,-8.1259,4,1.000493,increase,364
26,DevOps Engineering Bootcamp,9,DevOps,INTERMEDIATE,aws,319.99,229.99,28.1259,229.99,28.1259,1,0.250718,100.0,7,0.5591598294117647,0.3058823529411765,190.114342,340,43724.4,0.0,5,1.0,hold,365
26,DevOps Engineering Bootcamp,9,DevOps,INTERMEDIATE,aws,319.99,229.99,28.1259,223.99,30.0,0,0.250718,100.0,7,0.5484015647058824,0.2852941176470588,186.456532,340,41764.4,1.8741,6,0.955174,hold,366
26,DevOps Engineering Bootcamp,9,DevOps,INTERMEDIATE,aws,319.99,229.99,28.1259,263.99,17.5,0,0.250718,100.0,7,0.43307089411764704,0.27058823529411763,147.244104,340,38870.97,-10.6259,7,0.889,increase,367
26,DevOps Engineering Bootcamp,9,DevOps,INTERMEDIATE,aws,319.99,229.99,28.1259,215.99,32.5,0,0.250718,100.0,7,0.4847526323529412,0.21176470588235294,164.815895,340,35598.59,4.3741,8,0.814158,decrease,368
26,DevOps Engineering Bootcamp,9,DevOps,INTERMEDIATE,aws,319.99,229.99,28.1259,271.99,15.0,0,0.250718,100.0,7,0.3099744676470588,0.17647058823529413,105.391319,340,28665.38,-13.1259,9,0.655592,increase,369
26,DevOps Engineering Bootcamp,9,DevOps,INTERMEDIATE,aws,319.99,229.99,28.1259,207.99,35.0,0,0.250718,100.0,7,0.3922456,0.15,133.363504,340,27738.28,6.8741,10,0.634389,decrease,370
26,DevOps Engineering Bootcamp,9,DevOps,INTERMEDIATE,aws,319.99,229.99,28.1259,279.99,12.5,0,0.250718,100.0,7,0.24182765882352938,0.13823529411764707,82.22140399999999,340,23021.17,-15.6259,11,0.526506,increase,371
26,DevOps Engineering Bootcamp,9,DevOps,INTERMEDIATE,aws,319.99,229.99,28.1259,199.99,37.5,0,0.250718,100.0,7,0.33681383823529415,0.15294117647058825,114.516705,340,22902.2,9.3741,12,0.523785,decrease,372
26,DevOps Engineering Bootcamp,9,DevOps,INTERMEDIATE,aws,319.99,229.99,28.1259,287.99,10.0,0,0.250718,100.0,7,0.18841303235294116,0.061764705882352944,64.060431,340,18448.76,-18.1259,13,0.421933,increase,373
26,DevOps Engineering Bootcamp,9,DevOps,INTERMEDIATE,aws,319.99,229.99,28.1259,191.99,40.0,0,0.250718,100.0,7,0.2709114117647059,0.12058823529411765,92.10988,340,17684.18,11.8741,14,0.404446,decrease,374
26,DevOps Engineering Bootcamp,9,DevOps,INTERMEDIATE,aws,319.99,229.99,28.1259,175.99,45.0,0,0.250718,100.0,7,0.19865798823529413,0.08823529411764706,67.543716,340,11887.02,16.8741,15,0.271862,decrease,375
27,Certified Kubernetes Administrator (CKA) Prep,9,DevOps,ADVANCED,aws,299.99,219.99,26.6676,232.49,22.5,0,0.250718,100.0,7,0.5335400558823529,0.3088235294117647,181.403619,340,42174.53,-4.1676,1,1.01983,increase,376
27,Certified Kubernetes Administrator (CKA) Prep,9,DevOps,ADVANCED,aws,299.99,219.99,26.6676,224.99,25.0,0,0.250718,100.0,7,0.5452445588235294,0.39705882352941174,185.38315,340,41709.35,-1.6676,2,1.008581,hold,377
27,Certified Kubernetes Administrator (CKA) Prep,9,DevOps,ADVANCED,aws,299.99,219.99,26.6676,219.99,26.6676,1,0.250718,100.0,7,0.5528926205882353,0.42058823529411765,187.983491,340,41354.49,0.0,3,1.0,hold,378
27,Certified Kubernetes Administrator (CKA) Prep,9,DevOps,ADVANCED,aws,299.99,219.99,26.6676,217.49,27.5,0,0.250718,100.0,7,0.5551517088235294,0.36176470588235293,188.751581,340,41051.58,0.8324,4,0.992675,hold,379
27,Certified Kubernetes Administrator (CKA) Prep,9,DevOps,ADVANCED,aws,299.99,219.99,26.6676,239.99,20.0,0,0.250718,100.0,7,0.4852260558823529,0.29705882352941176,164.976859,340,39592.8,-6.6676,5,0.9574,increase,380
27,Certified Kubernetes Administrator (CKA) Prep,9,DevOps,ADVANCED,aws,299.99,219.99,26.6676,209.99,30.0,0,0.250718,100.0,7,0.5297429823529411,0.2823529411764706,180.112614,340,37821.85,3.3324,6,0.914577,decrease,381
27,Certified Kubernetes Administrator (CKA) Prep,9,DevOps,ADVANCED,aws,299.99,219.99,26.6676,247.49,17.5,0,0.250718,100.0,7,0.40093759705882354,0.17058823529411765,136.318783,340,33737.54,-9.1676,7,0.815813,increase,382
27,Certified Kubernetes Administrator (CKA) Prep,9,DevOps,ADVANCED,aws,299.99,219.99,26.6676,202.49,32.5,0,0.250718,100.0,7,0.45122088235294117,0.2323529411764706,153.4151,340,31065.02,5.8324,8,0.751189,decrease,383
27,Certified Kubernetes Administrator (CKA) Prep,9,DevOps,ADVANCED,aws,299.99,219.99,26.6676,254.99,15.0,0,0.250718,100.0,7,0.30984464705882353,0.11176470588235295,105.34718,340,26862.48,-11.6676,9,0.649566,increase,384
27,Certified Kubernetes Administrator (CKA) Prep,9,DevOps,ADVANCED,aws,299.99,219.99,26.6676,194.99,35.0,0,0.250718,100.0,7,0.39351912352941176,0.19705882352941176,133.796502,340,26088.98,8.3324,10,0.630862,decrease,385
27,Certified Kubernetes Administrator (CKA) Prep,9,DevOps,ADVANCED,aws,299.99,219.99,26.6676,262.49,12.5,0,0.250718,100.0,7,0.2408136823529412,0.11176470588235295,81.876652,340,21491.8,-14.1676,11,0.519697,increase,386
27,Certified Kubernetes Administrator (CKA) Prep,9,DevOps,ADVANCED,aws,299.99,219.99,26.6676,269.99,10.0,0,0.250718,100.0,7,0.21261653529411764,0.08823529411764706,72.289622,340,19517.48,-16.6676,12,0.471956,increase,387
27,Certified Kubernetes Administrator (CKA) Prep,9,DevOps,ADVANCED,aws,299.99,219.99,26.6676,187.49,37.5,0,0.250718,100.0,7,0.2755043911764706,0.12941176470588237,93.671493,340,17562.47,10.8324,13,0.424681,decrease,388
27,Certified Kubernetes Administrator (CKA) Prep,9,DevOps,ADVANCED,aws,299.99,219.99,26.6676,179.99,40.0,0,0.250718,100.0,7,0.22626958529411764,0.10294117647058823,76.931659,340,13846.93,13.3324,14,0.334835,decrease,389
27,Certified Kubernetes Administrator (CKA) Prep,9,DevOps,ADVANCED,aws,299.99,219.99,26.6676,164.99,45.0,0,0.250718,100.0,7,0.17441925294117647,0.07352941176470588,59.302546,340,9784.33,18.3324,15,0.236597,decrease,390
28,Site Reliability Engineering (SRE) Mastery,9,DevOps,ADVANCED,aws,349.99,259.99,25.715,259.99,25.715,1,0.250718,100.0,7,0.5047973882352941,0.3558823529411765,171.631112,340,44622.37,0.0,1,1.0,hold,391
28,Site Reliability Engineering (SRE) Mastery,9,DevOps,ADVANCED,aws,349.99,259.99,25.715,262.49,25.0,0,0.250718,100.0,7,0.4997786941176471,0.3382352941176471,169.924756,340,44603.55,-0.715,2,0.999578,hold,392
28,Site Reliability Engineering (SRE) Mastery,9,DevOps,ADVANCED,aws,349.99,259.99,25.715,253.74,27.5,0,0.250718,100.0,7,0.5098639058823529,0.3029411764705882,173.353728,340,43986.77,1.785,3,0.985756,hold,393
28,Site Reliability Engineering (SRE) Mastery,9,DevOps,ADVANCED,aws,349.99,259.99,25.715,271.24,22.5,0,0.250718,100.0,7,0.4714074205882353,0.28823529411764703,160.278523,340,43473.95,-3.215,4,0.974264,increase,394
28,Site Reliability Engineering (SRE) Mastery,9,DevOps,ADVANCED,aws,349.99,259.99,25.715,244.99,30.0,0,0.250718,100.0,7,0.48805078235294114,0.2852941176470588,165.937266,340,40652.97,4.285,5,0.911045,decrease,395
28,Site Reliability Engineering (SRE) Mastery,9,DevOps,ADVANCED,aws,349.99,259.99,25.715,279.99,20.0,0,0.250718,100.0,7,0.40612462352941175,0.21176470588235294,138.082372,340,38661.68,-5.715,6,0.866419,increase,396
28,Site Reliability Engineering (SRE) Mastery,9,DevOps,ADVANCED,aws,349.99,259.99,25.715,236.24,32.5,0,0.250718,100.0,7,0.4386664323529412,0.22941176470588234,149.146587,340,35234.39,6.785,7,0.789613,decrease,397
28,Site Reliability Engineering (SRE) Mastery,9,DevOps,ADVANCED,aws,349.99,259.99,25.715,288.74,17.5,0,0.250718,100.0,7,0.33620818529411767,0.15588235294117647,114.310783,340,33006.1,-8.215,8,0.739676,increase,398
28,Site Reliability Engineering (SRE) Mastery,9,DevOps,ADVANCED,aws,349.99,259.99,25.715,227.49,35.0,0,0.250718,100.0,7,0.3913625176470588,0.18235294117647058,133.063256,340,30270.56,9.285,9,0.678372,decrease,399
28,Site Reliability Engineering (SRE) Mastery,9,DevOps,ADVANCED,aws,349.99,259.99,25.715,297.49,15.0,0,0.250718,100.0,7,0.26427958529411766,0.09705882352941177,89.855059,340,26730.98,-10.715,10,0.599049,increase,400
28,Site Reliability Engineering (SRE) Mastery,9,DevOps,ADVANCED,aws,349.99,259.99,25.715,218.74,37.5,0,0.250718,100.0,7,0.2730146088235294,0.12058823529411765,92.824967,340,20304.53,11.785,11,0.45503,decrease,401
28,Site Reliability Engineering (SRE) Mastery,9,DevOps,ADVANCED,aws,349.99,259.99,25.715,209.99,40.0,0,0.250718,100.0,7,0.2513908676470588,0.11470588235294117,85.472895,340,17948.45,14.285,12,0.40223,decrease,402
28,Site Reliability Engineering (SRE) Mastery,9,DevOps,ADVANCED,aws,349.99,259.99,25.715,306.24,12.5,0,0.250718,100.0,7,0.1712117588235294,0.061764705882352944,58.211998,340,17826.84,-13.215,13,0.399505,increase,403
28,Site Reliability Engineering (SRE) Mastery,9,DevOps,ADVANCED,aws,349.99,259.99,25.715,314.99,10.0,0,0.250718,100.0,7,0.1397613411764706,0.052941176470588235,47.518856,340,14967.96,-15.715,14,0.335436,increase,404
28,Site Reliability Engineering (SRE) Mastery,9,DevOps,ADVANCED,aws,349.99,259.99,25.715,192.49,45.0,0,0.250718,100.0,7,0.18167572647058824,0.061764705882352944,61.769747,340,11890.06,19.285,15,0.26646,decrease,405
