date,predicted_income,predicted_income_low,predicted_income_high,predicted_salary,predicted_salary_low,predicted_salary_high,predicted_marketing,predicted_marketing_low,predicted_marketing_high,predicted_infrastructure,predicted_infrastructure_low,predicted_infrastructure_high,predicted_tools,predicted_tools_low,predicted_tools_high,predicted_content,predicted_content_low,predicted_content_high,predicted_support,predicted_support_low,predicted_support_high,predicted_expense,predicted_expense_low,predicted_expense_high,predicted_net_profit,predicted_net_profit_low,predicted_net_profit_high,forecast_month
2026-07-01,1200.112214311653,952.3515409025287,1447.8728877207773,268.4685915722343,182.5586422691193,354.3785408753493,77.14285714285712,52.45714285714285,101.8285714285714,99.90839324326528,67.9377074054204,131.87907908111015,32.82857142857143,22.32342857142857,43.33371428571429,55.4419055896511,37.70049580096275,73.18331537833944,17.302664474349044,11.765811842557351,22.839517106140736,551.0929834509283,374.74322874663125,727.4427381552254,649.0192308607246,224.9088027473033,1073.129658974146,2026-07-01
2026-07-02,1158.1441244333084,919.0476759907781,1397.240572875839,354.904023429456,241.33473593203007,468.47331092688194,83.75510204081633,56.953469387755106,110.55673469387753,81.39168695075283,55.34634712651193,107.43702677499373,33.09958947246078,22.507720841273326,43.69145810364823,64.93357092593797,44.15482822963782,85.71231362223811,19.997371240658488,13.598212443647773,26.3965300376692,638.0813440600824,433.895313960856,842.2673741593086,520.062780373226,76.7803018314695,963.345258914983,2026-07-01
2026-07-03,1296.787155329389,1029.0681411895357,1564.5061694692424,263.09427101382005,178.90410428939762,347.2844377382425,90.934110787172,61.835195335276964,120.03302623906703,85.04214795812173,57.82866061152278,112.25563530472067,34.19384236294562,23.251812806803017,45.13587191908822,71.15828152382555,48.387631436201374,93.92893161144971,21.71143163271493,14.763773510246153,28.659089755183704,566.1340852785999,384.9711779894479,747.2969925677518,730.6530700507891,281.77114862178394,1179.5349914797946,2026-07-01
2026-07-04,1406.8821550466082,1116.4342569377163,1697.3300531555003,522.879786806817,355.55825502863553,690.2013185849985,98.72846314035817,67.13535493544356,130.32157134527276,68.34776618634996,46.476481006717975,90.21905136598194,37.12474313691239,25.244825333100426,49.004660940724364,94.16003640337838,64.0288247542973,124.29124805245945,18.429554344090494,12.532096953981537,24.32701173419945,839.6703500179065,570.9758380121763,1108.3648620236365,567.2118050287017,8.069394914079794,1126.354215143324,2026-07-01
2026-07-05,1591.9254274215846,1263.275730158646,1920.5751246845234,317.509473948069,215.9064422846869,419.1125056114511,92.87661712381747,63.15609964419588,122.59713460343905,90.49619923396592,61.537415479096836,119.45498298883501,40.30686397721917,27.408667504509037,53.20506044992931,50.92528508529093,34.629193857997834,67.22137631258401,20.00923043072682,13.60627669289424,26.4121841685594,612.1236697990894,416.2440954633808,808.0032441347979,979.8017576224952,455.27248602384805,1504.3310292211427,2026-07-01
2026-07-06,1197.3824621776732,950.1853404255436,1444.579583929803,365.2511312167632,248.37076922739897,482.13149320612746,98.14121422213121,66.73602567104923,129.54640277321317,74.24778174114941,50.488491583981606,98.00707189831721,43.76173803240938,29.757981862038378,57.76549420278039,68.31110965206284,46.45155456340274,90.17066474072294,21.724307324789123,14.772528980856604,28.67608566872164,671.4372821893053,456.5773518887275,886.2972124898828,525.945179988368,63.888127935660805,988.0022320410756,2026-07-01
2026-07-07,1451.5970036376582,1151.917817932331,1751.2761893429854,216.4906584649147,147.213647756142,285.7676691736874,97.21915042838863,66.10902229130427,128.32927856547298,42.16392109897034,28.671466347299834,55.65637585064084,42.712744149473046,29.044666021641667,56.380822277304425,88.58503897323524,60.23782650179997,116.93225144467051,23.586390809771046,16.038745750644313,31.134035868897776,510.757903924753,347.315374668832,674.2004331806739,940.8390997129052,477.71738475165705,1403.9608146741534,2026-07-01
2026-07-08,1430.1280016080077,1134.8810467698074,1725.3749564462082,275.96628946283886,187.65707683473042,364.2755020909473,117.58264413304637,79.95619801047154,155.2090902556212,61.877332433868126,42.076586055030326,81.67807881270592,38.9166936479993,26.463351680639523,51.37003561535908,99.54465969230493,67.69036859076736,131.3989507938425,25.608081450608562,17.413495386413825,33.8026675148033,619.4957008206661,421.257076558053,817.7343250832793,810.6323007873416,317.14672168652817,1304.1178798881551,2026-07-01
2026-07-09,1305.3860299088335,1035.891795976233,1574.8802638414343,295.84579922054957,201.17514346997368,390.5164549711254,108.9754422015932,74.10330069708338,143.847583706103,50.779480465964625,34.53004671685595,67.0289142150733,38.13812453211353,25.933924681837198,50.34232438238986,104.11158676769941,70.7958790020356,137.4272945333632,27.803059860660724,18.906080705249295,36.700039016072154,625.653493048581,425.44437527303506,825.862610824127,679.7325368602525,210.02918515210592,1149.4358885683992,2026-07-01
2026-07-10,1413.957600178166,1122.0489911211155,1705.866209235217,315.4808097374952,214.5269506214967,416.43466885349363,118.31619439030118,80.45501218540481,156.17737659519753,75.0932454578728,51.0634069113535,99.12308400439208,41.40710663486612,28.156832511708956,54.65738075802328,99.24405708074428,67.48595881490611,131.00215534658244,22.300464991574504,15.164316194270663,29.436613788878343,671.841878292854,456.85247723914074,886.8312793465673,742.1157218853122,235.2177117745482,1249.0137319960763,2026-07-01
2026-07-11,1474.3441086414118,1169.9688303652158,1778.719386917608,482.1738025166957,327.878185711353,636.4694193220383,118.34329676661272,80.47344180129666,156.21315173192878,59.974194609957365,40.78245233477101,79.16593688514371,36.70131007892878,24.956890853671567,48.44572930418599,114.05715502639669,77.55886541794975,150.5554446348436,24.21193341942375,16.46411472520815,31.959752113639347,835.4616924180151,568.1139508442501,1102.8094339917795,638.8824162233967,67.15939637343627,1210.6054360733579,2026-07-01
2026-07-12,1594.97400338353,1265.6949339466703,1924.25307282039,437.3659592032676,297.40885225822194,577.3230661483133,96.51329049121067,65.62903753402325,127.39754344839807,75.92375206200407,51.62815140216277,100.21935272184535,41.62571539214812,28.30548646666072,54.94594431763552,68.08688558946663,46.29908220083731,89.87468897809595,26.2872419982315,17.875324558797423,34.69915943766558,745.8028447363286,507.14593442070344,984.4597550519537,849.1711586472015,281.23517889471657,1417.1071383996864,2026-07-01
2026-07-13,1291.399375305415,1024.7926571583876,1558.0060934524429,347.5491638612462,236.3334314256474,458.764896296845,91.08826775558538,61.94002207379806,120.23651343737268,124.39250583790647,84.5869039697764,164.19810770603652,41.216440653757985,28.027179644555428,54.405701662960546,78.5405496540395,53.40757376474686,103.67352554333212,28.540434169508483,19.40749523526577,37.673373103751196,711.327361932044,483.7026061137899,938.9521177502979,580.0720133733711,85.84053940808963,1074.303487338653,2026-07-01
2026-07-14,1467.3645266554254,1164.4301685801406,1770.2988847307101,253.25511207131868,172.21347620849667,334.2967479341407,113.05766149437315,76.87920981617374,149.23611317257254,55.92020899626309,38.025742117458904,73.81467587506727,40.839479821580966,27.770846278675055,53.90811336448688,94.75007246835975,64.43004927848463,125.07009565823485,30.986757098323498,21.07099482685998,40.902519369787015,588.8092919502192,400.3903185261489,777.2282653742892,878.5552347052062,387.2019032058514,1369.9085662045613,2026-07-01
2026-07-15,1338.5746909866539,1062.228726924047,1614.920655049261,345.58781744351177,234.999715861588,456.1759190254356,132.00479737091212,89.76326221222024,174.24633252960396,66.03719484184815,44.905292492456745,87.16909719123954,49.960539713261724,33.97316700501797,65.94791242150548,105.9637222489674,72.05533112929784,139.87211336863695,33.64276484960837,22.877080097733693,44.40844960148304,733.1968364681096,498.57384879831443,967.8198241379047,605.3778545185443,94.40890278614222,1116.3468062509467,2026-07-01
2026-07-16,1312.3834428442397,1041.4446075482638,1583.3222781402155,278.23306703596705,189.1984855844576,367.26764848747655,121.52496151553551,82.63697383056414,160.41294920050686,63.2614946315134,43.01781634942912,83.50517291359768,40.269618206930495,27.383340380712735,53.15589603314826,105.81176674020415,71.95200138333882,139.67153209706947,36.52643040814623,24.83797267753944,48.21488813875302,645.6273385382968,439.0265902060418,852.2280868705519,666.7561043059428,189.21652067771186,1144.2956879341737,2026-07-01
2026-07-17,1358.6757514255041,1078.1799651952897,1639.1715376557188,276.65164625251845,188.12311945171254,365.1801730533244,130.47559246939656,88.72340287918966,172.22778205960344,75.18205287530914,51.12379595521022,99.24030979540805,48.393860244329005,32.90782496614372,63.87989552251429,109.02590414639619,74.13761481954941,143.91419347324296,39.65726730027305,26.966941764185673,52.34759283636042,679.3863232882223,461.9826998359912,896.7899467404535,679.2894281372818,181.3900184548362,1177.1888378197277,2026-07-01
2026-07-18,1362.8018399221683,1081.4542312937745,1644.1494485505623,525.6606345649274,357.4492315041506,693.8720376257041,141.25831595722318,96.05565485091176,186.46097706353456,82.91269616413064,56.38063339160884,109.44475893665243,33.44937465608961,22.745574766140933,44.15317454603829,109.36216706270753,74.36627360264113,144.3580605227739,43.056461640296455,29.27839391540159,56.834529365191315,935.6996500453747,636.2757620308549,1235.1235380598946,427.10218987679355,-153.66930676612014,1007.8736865197073,2026-07-01
2026-07-19,1534.197695672654,1217.4657686998041,1850.9296226455037,570.7172603847781,388.0877370616491,753.3467837079071,111.96750713049282,76.13790484873512,147.7971094122505,96.31613599220869,65.49497247470191,127.13729950971545,39.72511944498426,27.013081222589292,52.437157667379225,86.02590104138122,58.49761270813923,113.55418937462319,41.26130120946471,28.057684822436006,54.464917596493414,946.0132252033097,643.2889931382507,1248.7374572683689,588.1844704693442,-31.27168856856474,1207.640629507253,2026-07-01
2026-07-20,1320.215240758324,1047.6595470535613,1592.7709344630869,449.929839518014,305.9522908722495,593.9073881637785,116.68809536384356,79.34790484741363,154.02828588027347,96.84181458890293,65.852433920454,127.83119525735187,44.674322604231314,30.37853937087729,58.970105837585336,90.56975622380264,61.5874342321858,119.55207821541947,44.797984170275974,30.462629235787663,59.13333910476428,843.5018124690704,573.5812324789679,1113.422392459173,476.71342828925356,-65.76284540561164,1019.189701984119,2026-07-01
2026-07-21,1447.281526912152,1148.4932624113942,1746.06979141291,362.7198520445603,246.64949939030097,478.7902046988196,125.39195394560436,85.26652868301097,165.51737920819772,58.61616444101813,39.85899181989233,77.37333706214392,45.93339496988778,31.234708579523687,60.632081360251874,106.735098356158,72.57986688218745,140.89032983012854,46.208571725479736,31.421828773326222,60.995314677633246,745.6050354827083,507.01142412824163,984.1986468371748,701.6764914294437,164.2946155742194,1239.0583672846683,2026-07-01
2026-07-22,1309.3477989850294,1039.0356660572313,1579.6599319128275,428.9711865973517,291.7004068861991,566.2419663085043,143.1270728021888,97.32640950548839,188.92773609888917,84.70327385679542,57.59822622262089,111.80832149096994,55.413075320919006,37.68089121822492,73.1452594236131,110.89881524239797,75.41119436483062,146.3864361199653,50.399055762413866,34.27135791844143,66.5267536063863,873.5124795820668,593.9884861158054,1153.0364730483282,435.83531940296257,-114.00080699109685,985.6714457970221,2026-07-01
2026-07-23,1342.9922799633348,1065.7343138340418,1620.2502460926278,513.6333072435543,349.2706489256169,677.9959655614917,123.4349990814149,83.93579937536214,162.93419878746764,77.54796139769603,52.7326137504333,102.36330904495874,32.819350834474136,22.317158567442412,43.32154310150586,106.88742336289702,72.68344788676998,141.09139883902407,51.7308481719169,35.17697675690349,68.2847195869303,906.0538900919532,616.1166452625282,1195.9911349213785,436.93838987138156,-130.25682108733668,1004.1336008300996,2026-07-01
2026-07-24,1360.3192875666396,1079.4841967145371,1641.154378418742,517.6016023633264,351.9690896070619,683.2341151195908,131.04999865217678,89.11399908348022,172.98599822087334,84.63849370921191,57.554175722264105,111.72281169615971,39.288752169030055,26.716351474940435,51.86115286311968,101.75279093497275,69.19189783578148,134.31368403416403,43.89627035260252,29.849463839769715,57.94307686543532,918.2279081813205,624.3949775632977,1212.060838799343,442.0913793853191,-132.57664208480583,1016.7594008554443,2026-07-01
2026-07-25,1404.8035890891233,1114.7848066039292,1694.8223715743175,694.2406457107272,472.0836390832945,916.39765233816,139.64243353118098,94.95685480120308,184.32801226115888,70.28764131910778,47.79559609699329,92.77968654122226,28.736001202383356,19.54048081762068,37.93152158714603,104.54636261183192,71.09152657604571,138.0011986476181,53.15107608861737,36.14273174025982,70.15942043697493,1090.6041604638488,741.6108291154171,1439.5974918122802,314.19942862527455,-324.812685208351,953.2115424589003,2026-07-01
2026-07-26,1633.9968886759752,1296.661625640612,1971.3321517113386,658.4952886965289,447.7767963136396,869.2137810794181,100.72673856732332,68.49418222577987,132.95929490886678,134.3325896361998,91.34616095261588,177.3190183197837,35.49749444463064,24.13829622234883,46.856692666912444,81.99214914301321,55.75466141724898,108.22963686877742,46.46151754775372,31.593831932472533,61.329203163034904,1057.5057780354496,719.1039290641056,1395.9076270067935,576.4911106405257,-99.24600136618142,1252.228222647233,2026-07-01
2026-07-27,1292.4457910215665,1025.6230425238703,1559.268539519263,521.6496628767734,354.7217707562059,688.5775549973409,102.99783365587517,70.03852688599513,135.9571404257552,138.08999452781984,93.9011962789175,182.27879277672216,35.2094618875177,23.942434083512033,46.47648969152336,81.65221420531805,55.523505659616276,107.7809227510198,47.035920461279936,31.984425913670357,62.08741500888951,926.6350876145841,630.1118595779172,1223.1583156512509,365.8107034069824,-197.5352731273806,929.1566799413457,2026-07-01
2026-07-28,1437.3987160393285,1140.6507373117058,1734.1466947669514,445.0131126056825,302.6089165718641,587.4173086395009,105.82510332293856,71.96107025959823,139.68913638627888,128.83613273947373,87.60857026284214,170.0636952161053,24.281849245002636,16.51165748660179,32.05204100340348,95.54345130762522,64.96954688918515,126.11735572606527,42.92712363307548,29.19044407049133,56.66380319565963,842.4267728537981,572.8502055405827,1112.0033401670134,594.9719431855304,28.647397144692377,1161.2964892263687,2026-07-01
2026-07-29,1315.6453841058135,1044.0331278130752,1587.257640398552,453.1605399003799,308.1491671322583,598.1719126685015,126.21765118034642,85.82800280263557,166.60729955805726,119.43705233311269,81.21719558651664,157.65690907970873,30.578794919419337,20.79358054520515,40.36400929363353,98.49821525198433,66.97878637134936,130.0176441326193,47.58306986224652,32.35648750632763,62.8096522181654,875.4753234474891,595.3232199442926,1155.6274269506857,440.17006065832436,-111.5942991376105,991.9344204542593,2026-07-01
2026-07-30,1325.5352435365264,1051.88124631052,1599.1892407625328,443.1646996850518,301.3519957858352,584.9774035842684,100.4536178595277,68.30846014447884,132.59877557457654,115.24111781779168,78.36396011609834,152.118275519485,22.765642430154386,15.480636852504981,30.05064800780379,96.33806753354908,65.50988592281338,127.16624914428476,50.966380341287575,34.65713863207555,67.27562205049959,828.9295256673621,563.6720774538062,1094.186973880918,496.6057178691643,-42.30572757039795,1035.5171633087266,2026-07-01
2026-07-31,1374.8514598349118,1091.0162322086414,1658.6866874611821,425.10144026936376,289.06897938316735,561.1339011555602,102.4776034325255,69.68477033411735,135.27043653093364,121.15345851789512,82.38435179216869,159.92256524362153,21.993164936104392,14.955352156550985,29.030977715657798,93.850439308413,63.818298729720844,123.88257988710515,46.08972047871038,31.341009925523064,60.8384310318977,810.6658269430123,551.2527623212483,1070.0788915647759,564.1856328918994,20.937340643865582,1107.4339251399338,2026-07-01
2026-08-01,1285.1602305598794,1019.8415708837321,1550.478890236027,675.3734166740871,459.2539233383792,891.4929100097951,142.4162628500427,96.84305873802904,187.98946696205633,117.70160750041552,80.03709310028256,155.36612190054848,36.429326945436415,24.77194232289676,48.08671156797607,125.41513809854868,85.28229390701311,165.54798229008424,55.24638803615696,37.56754386458673,72.92523220772718,1152.5821401046874,783.7558552711874,1521.4084249381876,132.57809045519207,-501.5668540544556,766.7230349648395,2026-08-01
2026-08-02,1500.7071817503493,1190.88930180015,1810.5250617005488,667.0475185578762,453.59231261935577,880.5027244963966,119.94999590959235,81.5659972185228,158.33399460066187,126.80863621901898,86.22987262893291,167.38739980910503,38.38120490662373,26.099219336504135,50.663190476743324,87.44487405501218,59.46251435740829,115.42723375261606,46.122397148402044,31.36323006091339,60.88156423589069,1085.7546267965254,738.3131462216371,1433.1961073714135,414.9525549538239,-242.30680557126357,1072.2119154789116,2026-08-01
2026-08-03,1242.1477993634549,985.7089667493977,1498.586631977512,574.5595060764697,390.70046413199935,758.4185480209401,120.60997205293674,82.01478099599699,159.20516310987648,139.87591179995326,95.11562002396822,184.63620357593828,50.8290505373436,34.56375436539364,67.09434670929355,90.7574924773607,61.71509488460528,119.7998900701161,48.44786533243297,32.94454842605442,63.95118223881151,1025.079798276497,697.0542628280178,1353.1053337249762,217.0680010869578,-367.3963669755784,801.5323691494942,2026-08-01
2026-08-04,1377.489422453767,1093.1095929252067,1661.8692519823276,507.2471406944431,344.92805567222126,669.5662257166649,130.1766773618492,88.52014060605745,171.8332141176409,132.08175717214493,89.81559487705856,174.3479194672313,52.620600644514255,35.78200843826969,69.45919285075882,111.36371950451365,75.7273292630693,147.000109745958,44.98479072818057,30.58965769516279,59.37992376119835,978.4746861056458,665.3627865518391,1291.5865856594523,399.01473634812123,-198.47699273424564,996.5064654304884,2026-08-01
2026-08-05,1251.7571632896274,993.3344974564848,1510.1798291227703,522.9455638894617,355.6029834448339,690.2881443340895,151.827968724362,103.24301873256617,200.4129187161578,130.7608216173334,88.91735869978672,172.60428453488007,64.4233133251325,43.80785306109009,85.0387735891749,116.97056082917769,79.53998136384084,154.40114029451453,50.88850889423955,34.604186048082894,67.17283174039619,1037.8167372797068,705.7153813502006,1369.918093209213,213.94042600992066,-376.58359575272834,804.4644477725698,2026-08-01
2026-08-06,1270.5059529044509,1008.2126384059757,1532.7992674029263,513.7821819992641,349.3718837594996,678.1924802390287,130.3829998246018,88.66043988072923,172.10555976847436,129.41137524708265,87.9997351680162,170.82301532614906,38.80415631725694,26.386826295734718,51.221486338779165,115.41756058159892,78.48394119548728,152.35117996771055,52.7648619471491,35.88010612406139,69.6496177702368,980.5631359169536,666.7829324235285,1294.3433394103786,289.9428169874973,-286.1307010044029,866.0163349793978,2026-08-01
2026-08-07,1332.2301965461518,1057.1940401800866,1607.2663529122171,492.70781026809635,335.0413109823055,650.3743095538872,135.38635386665652,92.06272062932644,178.70998710398658,133.71642706850832,90.92717040658566,176.50568373043097,37.54914181196581,25.53341643213675,49.564867191794875,107.78390812083278,73.2930575221663,142.27475871949926,47.1462000921344,32.059416062651394,62.2329841216174,954.2898412281942,648.917092035172,1259.6625904212162,377.9403553179576,-202.4685502411296,958.3492608770451,2026-08-01
2026-08-08,1358.845617177836,1078.314762515949,1639.376471839723,688.8117494992281,468.39198965947503,909.2315093389811,145.45403287733734,98.9087423565894,191.99932339808527,135.25195141141026,91.97132695975898,178.5325758630615,22.66538351151899,15.412460787832911,29.918306235205065,113.92325987504782,77.46781671503253,150.3787030350631,49.4646345072057,33.63595146489988,65.29331754951151,1155.5710116817481,785.7882879435888,1525.353735419908,203.27460549608782,-447.0389729039589,853.5881838961343,2026-08-01
2026-08-09,1590.3759911581246,1262.0461717928204,1918.7058105234291,683.9925657943826,465.11494474018014,902.870186848585,120.98255891530616,82.2681400624082,159.6969777682041,145.4258891417986,98.88960461642304,191.9621736671741,31.55708596266784,21.45881845461413,41.65535347072155,97.80570562094113,66.50787982223997,129.10353141964228,46.31899416063749,31.496916029233493,61.14107229204148,1126.0827995957338,765.736303725099,1486.4292954663683,464.2931915623908,-224.38312367354797,1152.9695067983303,2026-08-01
2026-08-10,1266.4818581435552,1005.019309648402,1527.9444066387084,567.2021778353372,385.6974809280293,748.7068747426451,124.62777550673457,84.7468873445795,164.5086636688896,91.34788627717865,62.116562668481485,120.5792098858758,45.14133068862746,30.696104868266673,59.58655650898825,96.07568923925459,65.33146868269313,126.81990979581605,45.89674264654862,31.209784999653063,60.58370029344417,970.2916021936811,659.7982894917031,1280.7849148956589,296.1902559498741,-275.7656052472569,868.1461171470053,2026-08-01
2026-08-11,1384.8432728023993,1098.9452561470025,1670.7412894577963,516.7704029496488,351.4038740057611,682.1369318935364,129.9435458400086,88.36161117120585,171.5254805088113,64.61197306577027,43.936141684723786,85.28780444681675,36.90199210752578,25.093354633117528,48.71062958193403,115.69578497354499,78.6731337820106,152.71843616507937,46.690578777076496,31.74959356841202,61.63156398574097,910.6142777135749,619.217708845231,1202.0108465819187,474.2289950888244,-103.0655904349162,1051.5235806125652,2026-08-01
2026-08-12,1282.4478675948938,1017.6891696179282,1547.2065655718595,533.8617772264727,363.0260085140014,704.6975459389439,149.13235453255592,101.41000108213804,196.8547079829738,84.31948107659946,57.33724713208763,111.30171502111128,47.586220472978695,32.35862992162551,62.81381102433188,119.34776615621178,81.15648098622401,157.5390513261995,52.019521691832225,35.373274750445916,68.66576863321853,986.2671211566507,670.6616423865224,1301.8725999267788,296.1807464382431,-284.1834303088506,876.5449231853371,2026-08-01
2026-08-13,1287.388007824408,1021.6094281602104,1553.166587488606,531.1607481643385,361.18930875175016,701.1321875769269,134.5484300034503,91.49293240234621,177.60392760455437,78.32908572939597,53.26377829598926,103.39439316280267,36.96205020008763,25.134194136059588,48.78990626411568,115.28699478190916,78.39515645169823,152.17883311212006,53.07006083541134,36.087641368079716,70.05248030274296,949.357369714593,645.5630114059231,1253.1517280232624,338.0306381098151,-231.542299863052,907.6035760826828,2026-08-01
2026-08-14,1358.0915887135716,1077.7164016616364,1638.466775765507,503.84901353248927,342.61732920209266,665.0806978628858,140.86628727837103,95.7890753492923,185.94349920744975,80.29826987339787,54.60282351391056,105.99371623288518,38.41436660401674,26.121769290731383,50.706963917302105,111.52022583783395,75.8337535697271,147.2066981059408,47.71299091161105,32.444833819895514,62.98114800332658,922.66115403772,627.4095847456496,1217.9127233297902,435.43043467585153,-140.19632166815381,1011.0571910198574,2026-08-01
2026-08-15,1380.5629995086786,1095.5486363824941,1665.5773626348632,706.4432853309655,480.38143402505654,932.5051366368746,146.19805645175356,99.41467838719242,192.98143451631466,81.52039952185058,55.433871674858395,107.60692736884275,32.22613911120032,21.913774595616214,42.53850362678442,113.6891498730948,77.30862191370447,150.06967783248513,48.28648876435096,32.83481235975866,63.73816516894326,1128.3635190532157,767.2871929561867,1489.4398451502445,252.1994804554629,-393.8912087677504,898.2901696786765,2026-08-01
2026-08-16,1603.1120448922297,1272.1528936926964,1934.0711960917633,684.5150871765376,465.4702592800455,903.5599150730296,130.80863275972067,88.94987027661006,172.66739524283125,97.3018882249145,66.16528399294187,128.43849245688713,39.44390976237578,26.82185863841553,52.065960886336036,104.09289464856909,70.78316836102698,137.40262093611116,46.32381943605802,31.500197216519453,61.14744165559657,1102.4862320081759,749.6906377655595,1455.281826250792,500.62581288405386,-183.12893255809558,1184.3805583262038,2026-08-01
2026-08-17,1269.7600698737556,1007.620741377394,1531.8993983701173,561.2035298830989,381.6184003205072,740.7886594456905,133.8364388013219,91.00877838489889,176.66409921774488,100.91884870578896,68.6248171199365,133.2128802916414,51.66241491001965,35.13044213881336,68.19438768122593,100.61030997976114,68.41501078623759,132.8056091732847,44.6872274148915,30.387314642126224,58.98714018765678,992.9187696948819,675.1847633925198,1310.652775997244,276.84130017887367,-303.0320346198499,856.7146349775975,2026-08-01
2026-08-18,1374.6996481108924,1090.8957616996568,1658.5035345221283,521.8300668389899,354.8444454505131,688.8156882274667,133.50456717727153,90.78310568054464,176.2260286739984,67.97808703101835,46.22509918109248,89.7310748809442,45.292109399595674,30.798634391725056,59.785584407466295,120.7126421062747,82.0845966322668,159.34068758028258,46.675155592604796,31.739105802971263,61.611205382238325,935.9926281457549,636.4749871391133,1235.5102691523964,438.70701996513753,-144.61450745273964,1022.028547383015,2026-08-01
2026-08-19,1297.3417479406269,1029.5082393083508,1565.1752565729032,538.7909312582275,366.3778332555947,711.2040292608604,156.92136422434461,106.70652767255434,207.13620077613487,82.58907508757406,56.160571059550364,109.01757911559774,57.624079888140336,39.18437432393542,76.06378545234524,121.17014177973931,82.39569641022274,159.94458714925588,51.48085548000862,35.00698172640587,67.95472923361137,1008.5764477180345,685.8319844482635,1331.3209109878053,288.7653002225924,-301.8126716794545,879.3432721246397,2026-08-01
2026-08-20,1328.8494796347386,1054.5112652515886,1603.1876940178888,519.1278275103263,353.00692270702183,685.2487323136307,135.4448372752715,92.10248934718463,178.78718520335838,80.52255137788364,54.755334936960885,106.2897678188064,35.56809592155955,24.18630522666049,46.949886616458606,115.69551651601584,78.67295123089077,152.7180818011409,54.04791059694629,36.75257920592348,71.3432419879691,940.406739198003,639.4765826546421,1241.336895741364,388.44274043673556,-186.82563048977545,963.7111113632467,2026-08-01
2026-08-21,1389.6646363038658,1102.7712591699835,1676.5580134377483,521.3796796753459,354.53818217923515,688.2211771714566,145.01655736105056,98.61125900551438,191.42185571658672,84.4530081392685,57.42804553470259,111.47797074383442,40.9660929061489,27.85694317618125,54.07524263611655,106.81760742703861,72.63597305038626,140.99924180369095,48.49710414166927,32.97803081633511,64.01617746700343,947.1300496505218,644.0484337623549,1250.2116655386887,442.53458665334404,-147.44040636870523,1032.5095796753935,2026-08-01
2026-08-22,1400.901076596499,1111.6879597079298,1690.1141934850684,715.2422345504281,486.364719494291,944.119749606565,140.95007407404762,95.84605037035239,186.05409777774284,85.04318545856306,57.829366111822885,112.25700480530323,24.65851835862501,16.767792483865005,32.54924423338501,110.17098924624219,74.91627268744469,145.42570580503966,48.56409363933033,33.02358367474463,64.10460360391603,1124.6290953272362,764.7477848225207,1484.5104058319519,276.2719812692628,-372.822446124022,925.3664086625478,2026-08-01
2026-08-23,1532.7858969533759,1216.3454328931064,1849.2263610136454,676.1816949938769,459.80355259583627,892.5598373919175,127.7158249755563,86.84676098337829,168.5848889677343,104.81061054586198,71.27121517118614,138.3500059205378,33.41413660101266,22.721612888688604,44.10666031333671,95.31637432568051,64.81513454146275,125.81761410989826,45.43608668919777,30.896538948654488,59.97563442974105,1082.8747281311862,736.3548151292064,1429.3946411331658,449.91116882218967,-213.04920824005944,1112.871545884439,2026-08-01
2026-08-24,1298.6371648695742,1030.5362201035482,1566.7381096356005,580.9041434193938,395.01481752518777,766.7934693135999,129.1318311175481,87.80964515993271,170.45401707516348,94.6376300193815,64.35358841317942,124.92167162558357,35.13634429560346,23.89271412101035,46.379974470196565,92.01929711302995,62.57312203686037,121.46547218919952,44.462210048022605,30.234302832655374,58.69011726338983,976.2914560129793,663.8781900888259,1288.704721937133,322.3457088565949,-258.16850183358474,902.8599195467746,2026-08-01
2026-08-25,1400.94805046862,1111.7252359217398,1690.1708650155006,508.18453452211827,345.56548347504037,670.8035855691961,131.95623341525084,89.73023872237057,174.18222810813108,73.2498170219503,49.80987557492621,96.68975846897439,33.745085988153356,22.94665847194428,44.54351350436243,110.843948847787,75.37388521649517,146.31401247907883,45.689048441041336,31.068552939908113,60.30954394217456,903.6686682363012,614.4946944006847,1192.8426420719175,497.2793822323189,-81.11740615017766,1075.6761706148159,2026-08-01
2026-08-26,1323.1292943155718,1049.9720003078673,1596.2865883232764,535.9385396199028,364.4382069415339,707.4388722982718,141.29567014690448,96.08105569989506,186.5102845939139,84.41563366780213,57.40263089410545,111.4286364414988,38.05323014975083,25.876196501830563,50.2302637976711,118.78896948938063,80.77649925277883,156.80143972598242,52.54405552117514,35.729957754399095,69.35815328795117,971.036098594916,660.3045470445429,1281.767650145289,352.0931957206558,-231.7956498374217,935.9820412787335,2026-08-01
2026-08-27,1360.2094902146716,1079.3970667977787,1641.0219136315645,488.1677501547315,331.9540701052174,644.3814302042456,122.99432956373869,83.63614410334232,162.35251502413504,84.82306294503644,57.67968280262478,111.96644308744808,39.37002483738424,26.77161688942128,51.968432785347204,106.20767869585666,72.22122151318253,140.19413587853077,54.07471302131706,36.7708048544956,71.37862118813851,895.6375592180646,609.0335402682839,1182.2415781678453,464.5719309966071,-102.84451137006658,1031.9883733632805,2026-08-01
2026-08-28,1386.0924049609312,1099.93650756648,1672.2483023553825,487.0135396688415,331.1692069748122,642.8578723628708,126.40838309968038,85.95770050778266,166.85906569157808,90.02496950618607,61.21697926420653,118.83295974816559,28.980333528893063,19.70662679964728,38.25404025813884,99.52030177494265,67.673805206961,131.36679834292428,49.54499871496269,33.69059912617463,65.39939830375074,881.4925262935064,599.4149178795843,1163.5701347074282,504.5998786674247,-63.63362714094819,1072.833384475798,2026-08-01
2026-08-29,1411.700713816013,1120.2580342597428,1703.143393372283,666.0094315377356,452.8864134456602,879.132449629811,116.35120052443592,79.11881635661643,153.5835846922554,64.5011808347098,43.860802967602666,85.14155870181692,28.236963278484513,19.201135029369468,37.27279152759956,102.38501273292135,69.62180865838653,135.14821680745618,48.87915054995187,33.237822373967276,64.52047872593647,1026.362939458239,697.9267988316026,1354.7990800848756,385.3377743577739,-234.54104582513287,1005.2165945406805,2026-08-01
2026-08-30,1596.7074737039607,1267.070532920736,1926.3444144871853,632.464989514994,430.07619287019594,834.8537861597922,103.10678510624709,70.11261387224802,136.10095634024614,64.03347520794642,43.54276314140357,84.52418727448926,29.25457366987967,19.89311009551817,38.61603724424116,87.56252696323304,59.54251833499847,115.5825355914676,46.01947805790522,31.293245079375552,60.745711036434884,962.4418285202055,654.4604433937398,1270.4232136466712,634.2656451837552,-3.3526807259352154,1271.8839710934456,2026-08-01
2026-08-31,1316.0030258758266,1044.3169351826705,1587.6891165689826,526.6909026435941,358.14981379764396,695.2319914895443,99.58641303676512,67.71876086500029,131.45406520852995,94.29239566675892,64.11882905339607,124.46596228012176,28.822188804889485,19.599088387324848,38.04528922245412,83.50550547138046,56.783743720538716,110.2272672222222,44.44137104904775,30.220132313352472,58.662609784743026,877.3387766724359,596.5903681372564,1158.0871852076152,438.6642492033907,-113.77025002494474,991.0987484317262,2026-08-01
2026-09-01,1356.6458991840702,1076.5691717320776,1636.722626636063,590.4964088039467,401.5375579866837,779.4552596212096,136.77713656400368,93.0084528635225,180.54582026448483,104.9793327027805,71.38594623789075,138.57271916767024,49.22448822704201,33.47265199438856,64.97632445969546,115.91308447472943,78.82089744281602,153.00527150664283,48.141854776437555,32.73646124797754,63.547248304897565,1045.53230554894,710.9619677732791,1380.1026433246006,311.1135936351302,-303.53347159252303,925.760658862784,2026-09-01
2026-09-02,1320.2638281227614,1047.698103657551,1592.829552587972,622.8426804437897,423.533022701777,822.1523381858025,141.1796277121398,96.00214684425507,186.3571085800245,90.63808056648331,61.63389478520865,119.64226634775795,57.63828588911718,39.19403440459968,76.08253737363468,117.9836414386647,80.22887617829201,155.7384066990374,53.43785195546319,36.33773932971497,70.5379645812114,1083.7201680056578,736.9297142438473,1430.5106217674684,236.54366011710363,-382.8125181099174,855.8998383441248,2026-09-01
2026-09-03,1337.4411013124454,1061.329164483044,1613.553038141847,568.9176774501307,386.86402066608883,750.9713342341726,140.8811211367056,95.79916237295981,185.96307990045136,91.33403579817306,62.107144342757685,120.56092725358843,44.195553677995846,30.052976501037172,58.33813085495452,120.33011361546744,81.82447725851786,158.835749972417,56.66625649503378,38.533054416622974,74.79945857344458,1022.3247581735063,695.1808355579842,1349.4686807890284,315.1163431389391,-288.13951630598444,918.3722025838629,2026-09-01
2026-09-04,1369.918556484216,1087.1017165065803,1652.735396461852,551.8030253739657,375.2260572542967,728.3799934936349,146.81273771572245,99.83266164669128,193.7928137847536,90.66552051378459,61.65255394937352,119.67848707819564,41.66907318348679,28.334969764771014,55.003176602202565,115.30382747224702,78.40660268112798,152.20105226336605,51.94551246290965,35.32294847477856,68.56807645104072,998.1996967221163,678.775793771039,1317.6235996731937,371.71885976209967,-230.5218831666134,973.9596026908129,2026-09-01
2026-09-05,1372.0049025211651,1088.7573407385894,1655.2524643037411,755.5392745184429,513.7667066725411,997.3118423643447,148.52810297760948,100.99911002477445,196.0570959304445,75.2983912203797,51.2029060298582,99.39387641090119,24.587886905398925,16.71976309567127,32.45601071512658,122.17666507735825,83.08013225260362,161.27319790211288,53.12132120564179,36.12249841983642,70.12014399144715,1179.251641904831,801.8911164952852,1556.6121673143766,192.75326061633405,-467.85482657578723,853.3613478084559,2026-09-01
2026-09-06,1511.6239391914175,1199.552317347095,1823.6955610357402,686.195978676999,466.61326550035926,905.7786918536386,133.56753843642576,90.82592613676952,176.309150736082,82.38232368249786,56.01998010409854,108.74466726089716,35.99719815931708,24.47809474833561,47.516301570298545,107.64419256229462,73.19805094236035,142.09033418222887,48.59701170242363,33.04596795764807,64.14805544719918,1094.384243219958,744.1812853895714,1444.5872010503442,417.23969597145947,-245.0348837032493,1079.5142756461687,2026-09-01
2026-09-07,1304.547389437551,1035.2262910879695,1573.8684877871326,572.5315196848499,389.32143338569784,755.7416059840018,133.4737181821513,90.76212836386289,176.18530800043968,153.5649613456996,104.42417371507574,202.70574897632343,40.75984689453023,27.71669588828055,53.8029979007799,102.64182852685171,69.79644339825917,135.48721365544424,46.20452965372719,31.419080164534492,60.989979142919886,1049.1764042878099,713.4399549157107,1384.9128536599092,255.37098514974105,-349.6865625719397,860.4285328714219,2026-09-01
2026-09-08,1393.1624461281906,1105.5469534227834,1680.777938833598,509.5406419258989,346.4876365096112,672.5936473421866,138.03753530339,93.86552400630521,182.20954660047477,68.80147035721889,46.784999842908846,90.81794087152892,41.912929506660895,28.500792064529406,55.32506694879238,121.34206098040029,82.51260146667221,160.17152049412837,47.81688755010546,32.51548353407172,63.118291566139206,927.4515256236746,630.6670374240986,1224.2360138232505,465.710920504516,-118.68906040046704,1050.1109014094995,2026-09-01
2026-09-09,1325.319794447957,1051.71027623869,1598.9293126572243,557.4619197374741,379.07410542148233,735.8497340534658,144.6914298612072,98.39017230562091,190.9926874167935,75.41673556182356,51.28338018204002,99.55009094160708,49.00326104969379,33.32221751379178,64.68430458559581,123.07498299769888,83.69098843843524,162.4589775569625,52.57101075155809,35.74828731105951,69.39373419205667,1002.2193399594556,681.5091511724298,1322.9295287464813,323.10045448850144,-271.2192525077912,917.4201614847944,2026-09-01
2026-09-10,1336.3371196786834,1060.453097564048,1612.221141793319,512.470134814875,348.479691674115,676.460577955635,143.87207705309072,97.8330123961017,189.91114171007973,90.6680644539921,61.65428382871463,119.68184507926956,41.84435816496394,28.45416355217548,55.234552777752405,120.73601652476775,82.10049123684207,159.3715418126934,55.64661075001766,37.83969531001201,73.4535261900233,965.2372617617071,656.3613379979608,1274.1131855254534,371.09985791697625,-213.66008796140545,955.8598037953582,2026-09-01
2026-09-11,1380.0510437026487,1095.1423727890299,1664.9597146162675,528.4455883997194,359.3430001118092,697.5481766876297,148.82983664916463,101.20428892143195,196.45538437689729,98.90739956713725,67.25703170565333,130.55776742862116,47.214385154460025,32.10578190503281,62.32298840388724,115.17168907755156,78.31674857273507,152.02662958236803,51.17506882610504,34.79904680175143,67.55109085045865,989.7439676741379,673.0258980184137,1306.4620373298621,390.3070760285108,-211.31966454083226,991.9338165978538,2026-09-01
2026-09-12,1396.5913022382929,1108.2679293124104,1684.9146751641754,725.7514402285751,493.51097935543106,957.9919011017192,145.24989168781843,98.76992634771653,191.7298570279203,82.82642013411419,56.321965691197654,109.33087457703071,28.478293036031225,19.36523926450123,37.591346807561216,120.76962526201865,82.12334517817268,159.4159053458646,52.88478298854877,35.961652432213164,69.80791354488437,1155.9604533371064,786.0531082692324,1525.8677984049802,240.63084890118648,-417.59986909256986,898.8615668949429,2026-09-01
2026-09-13,1513.8667272900655,1201.3320865021738,1826.4013680779574,685.8043851793759,466.34698192197555,905.2617884367762,138.5454634275732,94.21091513074978,182.8800117243966,103.98449474946992,70.70945642963954,137.25953306930026,38.94440459801068,26.48219512664726,51.4066140693741,110.06069858726457,74.8412750393399,145.2801221351892,49.249417837191515,33.489604129290235,65.00923154509279,1126.5888643788858,766.0804277776424,1487.0973009801291,387.2778629111797,-285.7652144779554,1060.320940300315,2026-09-01
2026-09-14,1319.5531458462658,1047.134140260594,1591.9721514319378,566.1415750464098,384.9762710315586,747.3068790612609,139.09569068459274,94.58506966552306,183.60631170366239,93.17566526790068,63.35945238217247,122.99187815362889,42.51616081844843,28.910989356544928,56.12133228035193,103.51662841962292,70.39130732534359,136.64194951390223,47.10976034902948,32.03463703734005,62.1848836607189,991.5554805860039,674.2577267984828,1308.8532343735253,327.9976652602619,-261.7190941129313,917.714424633455,2026-09-01
2026-09-15,1397.7444662227226,1109.1830249879552,1686.3059074574903,518.4951386409679,352.57669427585813,684.4135830060776,143.69677830070538,97.71380924447966,189.67974735693107,80.30275052342316,54.60587035592775,105.99963069091855,48.08043478010368,32.6946956504705,63.46617390973686,123.78451945554113,84.17347322976798,163.39556568131428,48.616297042945746,33.05908198920311,64.17351209668837,962.9759187436871,654.8236247457072,1271.1282127416669,434.76854747903553,-161.9451877537117,1031.4822827117832,2026-09-01
2026-09-16,1305.2988038212538,1035.8225775332219,1574.775030109286,569.5725147061457,387.30931000017904,751.8357194121124,148.14181413557168,100.73643361218875,195.5471946589546,85.06480285464067,57.84406594115566,112.28553976812567,59.18892063063487,40.24846602883171,78.12937523243804,126.76779188981027,86.20209848507099,167.33348529454955,53.487301494393556,36.37136501618762,70.60323797259949,1042.2231457111966,708.7117390836138,1375.7345523387798,263.07565811005725,-339.911974805558,866.0632910256722,2026-09-01
2026-09-17,1340.9163987671234,1064.086993998141,1617.745803536106,519.6641404846486,353.371615529561,685.9566654397361,153.69423756626853,104.5120815450626,202.87639358747444,88.07225039394649,59.889130267883615,116.25537052000935,37.84619613117637,25.73541336919993,49.95697889315281,116.21711948233494,79.02764124798776,153.40659771668209,54.41445854144602,37.0018318081833,71.82708527470874,969.9084025998209,659.5377137678781,1280.2790914317634,371.0079961673025,-216.1920974336224,958.2080897682279,2026-09-01
2026-09-18,1381.0450181123479,1095.9311432468305,1666.1588929778654,541.9174783736995,368.5038852941156,715.3310714532834,155.94777153573662,106.04448464430091,205.85105842717232,96.50556100891622,65.62378148606304,127.3873405317694,41.22568887135434,28.03346843252095,54.41790931018774,118.47973920094593,80.56622265664323,156.3932557452486,51.96919581768891,35.33905315602846,68.59933847934936,1006.0454348083415,684.1108956696723,1327.9799739470109,374.99958330400636,-232.04883070018036,982.0479973081931,2026-09-01
2026-09-19,1393.267630832683,1105.6304229635548,1680.9048387018113,704.0988736246926,478.78723406479094,929.4105131845943,157.05643704532193,106.79837719081893,207.31449689982492,81.43811066564629,55.37791525263948,107.49830607865309,24.606665199128994,16.732532335407715,32.480798062850276,121.55456854957937,82.65710661371398,160.45203048544474,53.69406460992191,36.5119639347469,70.87616528509692,1142.4487196942912,776.8651293921179,1508.0323099964642,250.81891113839174,-402.40188703290937,904.0397093096934,2026-09-01
2026-09-20,1535.7785968620105,1218.7202961229436,1852.8368976010777,697.9145430780604,474.5818892930811,921.2471968630398,141.92839411385054,96.51130799741837,187.3454802302827,102.02547811343996,69.37732511713918,134.67363110974074,35.83916869969758,24.370634715794353,47.30770268360081,105.48471047088537,71.72960312020206,139.23981782156866,50.38815852537549,34.263947797255334,66.51236925349563,1133.5804530013095,770.8347080408904,1496.3261979617282,402.19814386070107,-277.6059018387846,1082.0021895601872,2026-09-01
2026-09-21,1346.6225650741499,1068.6151341256536,1624.629996022646,563.6073560339852,383.2530021031099,743.9617099648605,138.69793251003085,94.31459410682099,183.0812709132407,94.53525680217899,64.28397462548172,124.78653897887625,38.98664705908263,26.510920000176185,51.46237411798907,104.12539868123164,70.80527110323753,137.44552625922574,48.466945991198955,32.957523274015294,63.976368708382616,988.4195370777084,672.1252852128416,1304.7137889425749,358.2030279964415,-236.09865481692123,952.5047108098045,2026-09-01
2026-09-22,1416.2837716232805,1123.8949293040118,1708.6726139425493,536.7106500282839,364.963242019233,708.4580580373348,143.80523852109178,97.78756219434241,189.82291484784113,97.21096487266718,66.10345611341369,128.31847363192065,36.13245540835301,24.570069677680046,47.694841139025975,120.83796432917721,82.16981574384052,159.5061129145139,49.969757889120416,33.97943536460188,65.96008041363893,984.6670310486935,669.5735811131116,1299.7604809842755,431.61674057458697,-175.8655516802637,1039.0990328294379,2026-09-01
2026-09-23,1321.2160824699017,1048.4537670730344,1593.9783978667692,559.4442876555321,380.4221156057618,738.4664597053024,146.63250960152732,99.71010652903858,193.55491267401604,99.51632860116966,67.67110344879538,131.36155375354394,43.535790232157005,29.60433735786676,57.46724310644725,123.26317738765687,83.81896062360667,162.70739415170704,54.42332653136929,37.00786204133112,71.83879102140746,1026.815420009412,698.2344856064003,1355.396354412424,294.4006624604897,-306.94258733938955,895.7439122603689,2026-09-01
2026-09-24,1388.6802506650238,1101.9900979012173,1675.3704034288303,538.9400617772196,366.4792420085093,711.4008815459299,149.19317481785936,101.45135887614437,196.93499075957433,89.00232003320325,60.521577622578214,117.48306244382827,39.0889498773253,26.5804859165812,51.59741383806939,111.67871286680034,75.94152474942423,147.41590098417643,54.96495637645178,37.37617033598721,72.55374241691634,982.8681757488596,668.3503595092246,1297.3859919884947,405.8120749161642,-195.39589408727738,1007.0200439196057,2026-09-01
2026-09-25,1398.1551195182988,1109.5088997637927,1686.801339272805,523.0391220659802,355.66660300486654,690.411641127094,151.1908780081317,102.80979704552956,199.57195897073382,97.07131924909291,66.00849708938318,128.13414140880263,41.86972522320051,28.471413151776346,55.268037294624676,107.86260788712067,73.34657336324206,142.37864241099928,52.50618014837295,35.70420250089361,69.30815779585228,973.539832581899,662.0070861556915,1285.0725790081067,424.6152869363998,-175.56367924431402,1024.7942531171136,2026-09-01
2026-09-26,1419.1381526106554,1126.1600292665253,1712.1162759547856,697.7507092747308,474.47048230681685,921.0309362426447,142.03317836342745,96.58256128713067,187.48379543972422,82.68903117880333,56.22854120158627,109.14952115602038,35.56574187655802,24.18470447605945,46.94677927705659,113.19302632499779,76.9712579009985,149.41479474899705,53.20829169951742,36.18163835567184,70.23494504336298,1124.4399787180346,764.6191855282635,1484.260771907806,294.69817389262084,-358.1007426412807,947.497090426522,2026-09-01
2026-09-27,1506.3889251328158,1195.3980610651395,1817.3797892004923,659.7067879872545,448.600615831333,870.812960143176,129.374550255089,87.97469417346052,170.77440633671745,104.51349965361374,71.06917976445735,137.95781954277012,43.01539569952872,29.250469075679526,56.78032232337791,98.93504401826928,67.27582993242312,130.59425810411543,51.563351166340084,35.06307879311126,68.06362353956891,1087.1086287800952,739.2338675704648,1434.9833899897258,419.2802963527206,-239.5853289245863,1078.1459216300275,2026-09-01
2026-09-28,1388.8439104949007,1102.1199704992198,1675.5678504905818,531.564955784999,361.4641699337993,701.6657416361987,122.05598792536708,82.99807178924962,161.11390406148453,94.13508981343318,64.01186107313457,124.25831855373178,25.997203673241223,17.67809849780403,34.31630884867842,95.03226270810825,64.62193864151361,125.44258677470287,49.11511208872111,33.39827622033036,64.83194795711186,917.9006119938699,624.1724161558315,1211.6288078319083,470.94329850103077,-109.50883733268847,1051.3954343347505,2026-09-01
2026-09-29,1420.3366197279765,1127.1110753372934,1713.56216411866,506.51979958890877,344.43346372045795,668.6061354573596,124.02949071198798,84.34005368415183,163.7189277398241,69.33843952048474,47.15013887392963,91.52674016703985,25.318948976153152,17.216885303784142,33.421012648522165,108.0839462626855,73.49708345862615,142.67080906674485,50.45884466241232,34.31201437044038,66.60567495438426,883.7494697226323,600.94963941139,1166.549300033875,536.5871500053443,-39.43822469658153,1112.61252470727,2026-09-01
2026-09-30,1337.294767734291,1061.2130411680912,1613.376494300491,518.9992828121897,352.91951231228893,685.0790533120904,126.44956868706666,85.98570670720534,166.91343066692798,76.83989835332545,52.251130880261314,101.42866582638959,32.17271826814807,21.877448422340684,42.46798811395545,111.92257753596739,76.10735272445783,147.73780234747693,54.41067189472053,36.99925688840996,71.82208690103108,920.7947175514178,626.1404079349641,1215.4490271678715,416.50005018287334,-154.23598599978027,987.236086365527,2026-09-01
2026-10-01,1333.7363012365527,1058.3892126860896,1609.0833897870157,589.9226598517735,401.1474086992059,778.697911004341,150.54294468883037,102.36920238840466,198.71668698925606,97.9001399013938,66.5720951329478,129.2281846698398,42.29608025775709,28.76133457527482,55.830825940239365,120.01659116908809,81.6112819949799,158.42190034319626,57.23199588438874,38.91775720138435,75.54623456739313,1057.9104117532315,719.3790799921975,1396.4417435142655,275.82588948332113,-338.0525308281758,889.7043097948182,2026-10-01
2026-10-02,1353.4576172975412,1074.0391040173606,1632.876130577722,595.6217938833183,405.02281984065644,786.2207679259802,150.37218517236906,102.25308591721097,198.49128442752712,101.81175800454848,69.23199544309297,134.39152056600398,40.38389238511624,27.46104682187904,53.30673794835344,114.16717174395797,77.63367678589142,150.7006667020245,54.654172758888656,37.16483747604429,72.14350804173301,1057.0109739481989,718.7674622847752,1395.2544856116224,296.44664334934237,-321.21538159426177,914.1086682929468,2026-10-01
2026-10-03,1366.0687675559504,1084.046708504611,1648.09082660729,748.8679962392406,509.2302374426836,988.5057550357976,153.27424602330083,104.22648729584458,202.3220047507571,93.78496121349698,63.77377362517795,123.796148801816,39.81395346497423,27.073488356182477,52.55441857376599,124.47105356792076,84.64031642618612,164.3017907096554,58.319761815378435,39.657438034457336,76.98208559629953,1218.5319723243117,828.6017411805319,1608.4622034680917,147.53679523163873,-524.4154949634808,819.489085426758,2026-10-01
2026-10-04,1465.063187686776,1162.6039362605327,1767.5224391130196,732.9505335298154,498.40636280027445,967.4947042593564,146.00964174129734,99.2865563840822,192.73272709851247,103.45816183400159,70.35155004712108,136.56477362088208,48.119057114540496,32.72095883788754,63.517155391193455,112.49178180897336,76.4944116301019,148.48915198784482,53.62253292870554,36.46332239151977,70.7817434658913,1196.6517089573338,813.7231620909871,1579.5802558236805,268.41147872944225,-416.97631956314785,953.7992770220325,2026-10-01
2026-10-05,1362.3618260422836,1081.1050573652624,1643.618594719305,610.1977299470527,414.9344563639958,805.4610035301097,142.63734050054427,96.99339154037011,188.28128946071843,102.94754818004677,70.0043327624318,135.8907635976617,46.58218121724354,31.675883227725603,61.488479206761475,109.30947917934108,74.33044584195194,144.2885125167302,50.463469452747276,34.31515922786815,66.6117796776264,1062.1377484769755,722.2536689643434,1402.0218279896078,300.2240775653081,-320.9167706243454,921.3649257549616,2026-10-01
2026-10-06,1397.1115407173784,1108.6807656382853,1685.5423157964717,569.8788641970344,387.51762765398337,752.2401007400855,146.8536308809319,99.86046899903369,193.84679276283006,141.97372505981303,96.54213304067287,187.40531707895317,50.467431930783455,34.317853712932745,66.61701014863417,129.44483503648502,88.02248782480982,170.8671822481602,52.35313906233962,35.60013456239095,69.1061435622883,1090.9716261673875,741.8607057938234,1440.0825465409512,306.13991454999086,-331.4017809026659,943.6816100026483,2026-10-01
2026-10-07,1312.4370206526355,1041.4871243294244,1583.3869169758468,586.8995079375786,399.0916653975534,774.7073504776038,149.16424575677843,101.43168711460933,196.8968043989475,142.07738531839158,96.61262201650628,187.54214862027686,57.191015066621304,38.88989024530248,75.49213988794013,128.49811486087077,87.37871810539212,169.6175116163494,56.381854836410355,38.339661288759046,74.42404838406166,1120.2121237766512,761.7442441681228,1478.6800033851796,192.2248968759843,-437.19287905575516,821.642672807724,2026-10-01
2026-10-08,1365.8789096714572,1083.8960463859412,1647.8617729569733,554.1054719927959,376.79172095510114,731.4192230304906,152.36226221972612,103.60633830941377,201.11818613003845,80.83151070981515,54.965427282674305,106.69759413695598,44.6874966345304,30.387497711480666,58.987495557580125,119.37829092932733,81.17723783194259,157.57934402671205,56.2151521398892,38.22630345512466,74.20400082465373,1007.580184626084,685.1545255457372,1330.005843706431,358.2987250453732,-246.10979732048986,962.707247411236,2026-10-01
2026-10-09,1377.7924054409254,1093.350025704114,1662.234785177737,564.4488736316775,383.82523406954067,745.0725131938144,150.54825280517116,102.3728119075164,198.7236937028259,95.7465977583811,65.10768647569915,126.38550904106303,42.85135175787701,29.138919195356365,56.56378432039766,114.97070161869064,78.18007710070964,151.7613261366716,54.294643255637794,36.920357413833706,71.66892909744188,1022.8604208274352,695.5450861626559,1350.1757554922144,354.9319846134903,-256.8257297881005,966.689699015081,2026-10-01
2026-10-10,1380.4669517205125,1095.4724174606556,1665.4614859803696,724.941069435463,492.95992721611475,956.9222116548111,152.518106043672,103.71231210969697,201.32389997764702,95.9809473648586,65.26704420810385,126.69485052161333,27.14897135669652,18.461300522553632,35.836642190839406,122.32730138876086,83.1825649443574,161.4720378331643,55.9306598337762,38.03284868696782,73.82847098058457,1178.8470554232272,801.6159976877943,1556.0781131586598,201.61989629728532,-460.6056956980042,863.8454882925753,2026-10-01
2026-10-11,1520.1473883975027,1206.3161181720666,1833.978658622939,708.2068644009605,481.5806677926531,934.8330610092679,143.38841498904267,97.50412219254902,189.2727077855363,104.63701453085847,71.15316988098377,138.12085918073316,36.09918060682582,24.547442812641556,47.65091840101008,111.29422649309124,75.68007401530205,146.90837897088042,53.29279846885486,36.239102958821306,70.3464939788884,1156.9184994896336,786.7045796529508,1527.1324193263163,363.2288889078691,-320.8163011542497,1047.2740789699883,2026-10-01
2026-10-12,1368.7218758963622,1086.1520881399827,1651.291663652742,595.917542156973,405.2239286667416,786.6111556472044,141.2583373169644,96.0556693755358,186.461005258393,96.88585340305295,65.88238031407602,127.88932649202988,42.574344752873166,28.95055443195375,56.198135073792585,106.95830251630184,72.73164571108526,141.18495932151842,50.58542967965933,34.39809218216835,66.7727671771503,1034.1798098258246,703.2422706815609,1365.1173489700886,334.54206607053766,-278.965260830106,948.0493929711812,2026-10-01
2026-10-13,1402.5850749826689,1113.0243001257847,1692.145849839553,571.8475462605962,388.8563314572054,754.838761063987,148.47030960282524,100.95981052992117,195.9808086757293,93.30204065757516,63.445387647151115,123.1586936679992,43.97610825496816,29.903753613378345,58.04846289655797,128.8391942483073,87.61065208884898,170.06773640776564,52.40219229488526,35.63349076052198,69.17089382924854,1038.8373913191574,706.4094260970271,1371.2653565412877,363.74768366351145,-258.24105641550295,985.7364237425259,2026-10-01
2026-10-14,1298.8048913795355,1030.6693198239802,1566.940462935091,589.2775168064542,400.7087114283888,777.8463221845195,149.00062675024273,101.32042619016507,196.68082731032038,95.99450393441322,65.27626267540099,126.71274519342543,48.10542890764277,32.71169165719708,63.49916615808846,128.70071642853077,87.51648717140093,169.8849456856606,56.63651027211617,38.512826985039,74.76019355919334,1067.7153030993998,726.046406107592,1409.3842000912077,231.08958828013579,-378.7148802672275,840.8940568274991,2026-10-01
2026-10-15,1354.2009652416564,1074.62898932272,1633.7729411605928,562.4909668288002,382.4938574435841,742.4880762140162,154.99484689796572,105.39649589061669,204.59319790531472,89.21779035841874,60.66809744372475,117.76748327311272,44.97564188628885,30.583436482676415,59.367847289901285,117.70387962100034,80.03863814228023,155.36912109972042,56.63871550401572,38.51432654273069,74.76310446530074,1026.0218410964894,697.6948519456129,1354.348830247366,328.17912414516695,-279.7198409246462,936.07808921498,2026-10-01
2026-10-16,1366.131388208363,1084.0964012534275,1648.1663751632987,569.5148234474418,387.2700799442604,751.7595669506233,159.54595707279483,108.4912508095005,210.60066333608916,96.45255476213137,65.58773723824933,127.3173722860134,46.246669826857946,31.4477354822634,61.04560417145249,116.73784276419845,79.38173307965495,154.09395244874193,54.73173356574897,37.2175788247093,72.24588830678863,1043.2295814391734,709.3961153786379,1377.0630474997088,322.90180676918953,-292.96664624628124,938.7702597846608,2026-10-01
2026-10-17,1385.178028473052,1099.2109022049046,1671.1451547411998,733.4850112713832,498.7698076645405,968.2002148782259,161.10168089742382,109.5491430102482,212.6542187845994,87.59521465283024,59.564745963924565,115.6256833417359,35.03595791358841,23.824451381240117,46.24746444593671,125.23632227883972,85.16069914961102,165.31194540806842,55.28556400132074,37.594183520898106,72.97694448174337,1197.7397510153862,814.4630306904626,1581.0164713403096,187.4382774576659,-481.805569135405,856.6821240507372,2026-10-01
2026-10-18,1495.988018670525,1187.1444001340847,1804.8316372069655,717.1082005709591,487.6335763882521,946.582824753666,149.94385512657936,101.96182148607397,197.92588876708473,107.60515592245534,73.17150602726963,142.03880581764102,43.89594649974719,29.849243619828087,57.94264937966629,113.54584974254638,77.21117782493154,149.8805216601612,53.40923586089975,36.31828038541183,70.50019133638766,1185.5082437231872,806.1456057317671,1564.870881714607,310.4797749473378,-377.72648158052243,998.6860314751984,2026-10-01
2026-10-19,1362.6269245454282,1081.3154268331755,1643.9384222576812,595.2621041085372,404.7782307938053,785.7459774232691,144.43979570570156,98.21906107987706,190.66053033152602,98.85680897630546,67.22263010388771,130.4909878487232,47.25653871066338,32.1344463232511,62.37863109807566,107.64023710152851,73.19536122903939,142.08511297401762,50.78550105540316,34.53414071767415,67.03686139313216,1044.2409856581392,710.0838702475346,1378.3981010687437,318.38593888728906,-297.0826742355682,933.8545520101466,2026-10-01
2026-10-20,1399.555285397193,1110.6200043058366,1688.4905664885496,574.5121340235978,390.6682511360465,758.3560169111491,149.01352993598988,101.32920035647312,196.69785951550662,84.7378678908661,57.62175016578895,111.85398561594323,48.802107808972046,33.18543331010099,64.4187823078431,127.56095708750274,86.74145081950188,168.3804633555036,52.411559987301445,35.63986079136499,69.1832591832379,1037.0381567342301,705.1859465792763,1368.8903668891833,362.51712866296293,-258.2703625833467,983.3046199092732,2026-10-01
2026-10-21,1310.0472736255244,1039.5907356113562,1580.503811639693,587.2056329567175,399.2998304105679,775.1114355028672,151.3953477662121,102.94883648102423,199.84185905139995,96.71017146174748,65.7629165939883,127.65742632950666,60.17045493324778,40.91590935460849,79.42500051188708,126.50678371418472,86.02461292564561,166.9889545027238,56.20079719794587,38.21654209460319,74.18505230128854,1078.1891880300554,733.1686478604378,1423.2097281996732,231.858085595469,-383.61899258831704,847.3351637792551,2026-10-01
2026-10-22,1371.9557969993807,1088.7183729497606,1655.193221049001,567.4753823639935,385.88326000751556,749.0675047204714,151.60331863430798,103.09025667132944,200.1163805972865,89.60868372644572,60.933904933983094,118.28346251890834,37.22729090372573,25.314557814533494,49.14002399291797,114.88936435883232,78.12476776400598,151.65396095365864,56.07095301010651,38.12824804687243,74.01365797334059,1016.8749929974117,691.4749952382399,1342.2749907565835,355.080804001969,-253.55661780682294,963.7182258107612,2026-10-01
2026-10-23,1381.178492563099,1096.0370621745176,1666.3199229516808,567.8222030581459,386.1190980795392,749.5253080367526,150.53257623123028,102.3621518372366,198.70300062522395,97.21352221779097,66.10519510809786,128.32184932748407,40.81619749912661,27.755014299406092,53.877380698847126,108.81332894420078,73.99306368205653,143.633594206345,54.21334787126894,36.86507655246288,71.56161919007499,1019.4111758217635,693.1995995587993,1345.6227520847276,361.76731674133555,-249.58568991021002,973.1203233928816,2026-10-01
2026-10-24,1404.8698249448857,1114.8373682048746,1694.902281684897,741.2865398625873,504.07484710655933,978.4982326186154,151.8707441568611,103.27210602666555,200.46938228705662,90.4776249041416,61.524784934816296,119.4304648734669,26.161821506884483,17.790038624681447,34.53360438908752,114.83485232083842,78.08769957817013,151.5820050635067,54.62331266920759,37.143852615061164,72.10277272335401,1179.2548954205206,801.8933288859539,1556.6164619550873,225.61492952436515,-441.7790937502127,893.008952798943,2026-10-01
2026-10-25,1518.0713707892141,1204.6686900860784,1831.4740514923499,699.8109719579222,475.87146093138705,923.7504829844573,143.88862780271873,97.84426690584874,189.9329886995887,102.97066866937159,70.02005469517269,135.9212826435705,37.372359920177736,25.413204745720858,49.33151509463461,102.38110920844603,69.6191542617433,135.14306415514875,53.245775882834806,36.207127600327674,70.28442416534193,1139.669513441471,774.9752691402003,1504.3637577427419,378.4018573477431,-299.69506765666347,1056.4987823521496,2026-10-01
2026-10-26,1390.5476427522053,1103.471970771511,1677.6233147328996,573.1493521508166,389.7415594625553,756.557144839078,132.53334043729785,90.12267149736255,174.94400937723313,92.53136038612539,62.921325062565266,122.1413957096855,33.205467161414454,22.579717669761827,43.83121665306708,100.21232655426958,68.14438205690332,132.28027105163582,50.678644541010556,34.46147828788718,66.89581079413392,982.3104912309345,667.9711340370354,1296.6498484248332,408.2371515212708,-193.17787765332218,1009.6521806958642,2026-10-01
2026-10-27,1407.3873462134397,1116.835152437691,1697.9395399891885,546.7383308513602,371.7820649789249,721.6945967237955,138.56830517621637,94.22644751982713,182.91016283260558,87.40698425545892,59.43674929371207,115.37721921720576,30.23560064941477,20.560208441602043,39.9109928572275,116.38967194482092,79.14497692247824,153.6343669671636,52.57347162428976,35.749960704517036,69.39698254406247,971.912364501561,660.9004078610615,1282.9243211420605,435.47498171187874,-166.0891687043695,1037.039132128127,2026-10-01
2026-10-28,1332.8433280904464,1057.6805919908436,1608.0060641900495,549.077779947764,373.37289036447953,724.7826695310486,135.97546409832665,92.46331558686214,179.48761260979117,94.2543011365809,64.09292477287502,124.41567750028678,31.532173056099197,21.441877678147453,41.622468434050944,116.61763567069058,79.2999922560696,153.93527908531155,55.68889214068868,37.86844665566831,73.50933762570905,983.14624605015,668.539447314102,1297.7530447861982,349.69708204029644,-240.0724527953546,939.4666168759476,2026-10-01
2026-10-29,1397.876593372348,1109.2878747620348,1686.4653119826614,525.8248291657054,357.5608838326796,694.0887744987311,129.56575429896463,88.10471292329596,171.0267956746333,72.77149714824685,49.48461806080786,96.05837623568583,26.54181574102654,18.048434703898046,35.03519677815503,102.50821026340358,69.70558297911444,135.31083754769273,55.5473122386892,37.77217232230866,73.32245215506974,912.7594188560363,620.6764048221045,1204.8424328899678,485.1171745163117,-95.55455812793298,1065.7889071605568,2026-10-01
2026-10-30,1396.5341393752014,1108.2225676036483,1684.8457111467549,532.1175105344894,361.8399071634527,702.395113905526,127.51145538031216,86.70778965861227,168.31512110201203,76.50605304116826,52.02411606799442,100.98799001434209,28.376309507194467,19.295890464892235,37.456728549496695,101.84311227465382,69.2533163467646,134.43290820254302,53.913732920934855,36.661338386235705,71.166127455634,920.2681736587529,625.7823580879519,1214.753989229554,476.2659657164486,-106.53142162590575,1059.063353058803,2026-10-01
2026-10-31,1411.9827900747923,1120.4818764609113,1703.4837036886736,669.3789076793648,455.17765722196805,883.5801581367616,120.40146811275109,81.87299831667075,158.92993790883142,78.55852599131823,53.4197976740964,103.69725430854005,26.546596569566834,18.051685667305446,35.041507471828226,108.63145816520563,73.86939155233983,143.39352477807142,54.04849121205349,36.75297402419638,71.3440083999106,1057.56544773026,719.144504456577,1395.9863910039433,354.41734234453224,-275.504514543032,984.3391992320966,2026-10-01
2026-11-01,1365.4634777594,1083.5663795290675,1647.3605759897323,738.2306383799128,501.9968340983406,974.4644426614849,151.50673430468782,103.02457932718772,199.9888892821879,111.2904438489779,75.67750181730497,146.9033858806508,44.788522632248196,30.45619538992877,59.12084987456762,113.02768095325035,76.85882304821024,149.19653885829044,55.84224226920823,37.9727247430616,73.71175979535485,1214.6862623882855,825.9866584240341,1603.3858663525366,150.77721537111438,-519.8194868234691,821.3739175656982,2026-11-01
2026-11-02,1330.6705475354145,1055.956377467442,1605.3847176033871,663.6933855558583,451.3115021779836,876.075268933733,144.54567112883308,98.2910563676065,190.80028589005963,104.00755993293942,70.72514075439881,137.28997911148002,44.639241178833366,30.354684001606685,58.92379835606005,106.26321368416015,72.2589853052289,140.26744206309138,51.13653909539253,34.77284658486692,67.50023160591813,1114.2856105760168,757.7142151916913,1470.8570059603426,216.3849369593977,-414.9006284929005,847.6705024116958,2026-11-01
2026-11-03,1376.9401497794624,1092.6737164533972,1661.206583105528,625.3253958464163,425.22126917556307,825.4295225172696,153.69952009541387,104.51567366488145,202.8833665259463,100.48322194261188,68.32859092097608,132.63785296424766,56.41365864164283,38.36128787631712,74.46602940696854,127.05151876702436,86.39503276157657,167.70800477247215,54.26961986357845,36.90334150723335,71.63589821992355,1117.2429351566877,759.7251959065476,1474.7606744068278,259.6972146227747,-382.08695795343056,901.4813871989803,2026-11-01
2026-11-04,1326.618421390351,1052.7408043467267,1600.4960384339752,637.2470139347215,433.3279694756106,841.1660583938325,151.90905664036026,103.29815851544498,200.51995476527551,93.0111802805871,63.24760259079923,122.77475797037495,63.725282232129786,43.333191917848254,84.11737254641132,126.53170018093417,86.04155612303524,167.02184423883307,57.15157257104235,38.8630693483088,75.44007579377589,1129.5758058397753,768.1115479710471,1491.0400637085033,197.04261555057565,-438.29925936177665,832.384490462928,2026-11-01
2026-11-05,1350.496465521142,1071.6892758734002,1629.303655168884,586.1540539039967,398.5847566547177,773.7233511532756,157.15083427036836,106.8625673038505,207.43910123688622,149.22191778876962,101.47090409636334,196.97293148117586,43.819122166980826,29.797003073546957,57.84124126041469,118.92255646322717,80.86733839499448,156.97777453145983,57.299359697254026,38.96356459413274,75.6351548003753,1112.5678442905967,756.5461341176058,1468.5895544635878,237.92862123054533,-396.90027859018755,872.7575210512782,2026-11-01
2026-11-06,1377.3522889500978,1093.0007703484748,1661.703807551721,591.3767357799615,402.13618033037375,780.6172912295491,151.51678224367416,103.03141192569844,200.00215256164986,79.14280832927368,53.8171096639061,104.46850699464125,42.63611579656866,28.992558741666688,56.279672851470636,114.67890442878398,77.98165501157311,151.37615384599482,55.52210351161674,37.75503038789939,73.28917663533409,1034.8734500898786,703.7139460611176,1366.0329541186397,342.4788388602192,-273.0321837701649,957.9898614906034,2026-11-01
2026-11-07,1381.9559796079736,1096.6540386342087,1667.2579205817387,736.87470033361,501.07479622685474,972.6746044403652,152.4582919314914,103.67163851341417,201.24494534956864,73.9801065154853,50.30647243053001,97.65374060044059,24.71926070279448,16.809097277900243,32.629424127688715,122.02773263123824,82.978858189242,161.07660707323444,56.81911376056116,38.63699735718159,75.00123016394072,1166.8792058751806,793.4778599951228,1540.2805517552385,215.07677373279307,-443.6265131210298,873.780060586616,2026-11-01
2026-11-08,1473.2085741201176,1169.0677245867676,1777.349423653468,715.678668381441,486.6614944993798,944.6958422635021,145.6606485683542,99.04924102648086,192.2720561102275,104.40901659679065,70.99813128581765,137.81990190776364,37.13617335141312,25.25259787896092,49.01974882386532,109.54310002858571,74.48930801943828,144.5968920377331,54.198637893526666,36.855073767598135,71.54220201945519,1166.6262448201114,793.3058464776756,1539.9466431625467,306.5823293000062,-370.87891857577915,984.0435771757924,2026-11-01
2026-11-09,1342.4939128051406,1065.338833540298,1619.6489920699833,610.1854712508625,414.9261204505865,805.4448220511385,140.92888991415936,95.83164514162837,186.02613468669034,93.2722705119827,63.42514394814824,123.11939707581715,41.00815586193234,27.885545986113986,54.130765737750686,107.58563644694719,73.15823278392409,142.01304010997026,50.923424930139895,34.62792895249513,67.21892090778465,1043.903848916024,709.8546172628963,1377.9530805691516,298.59006388911666,-312.61424702885347,909.7943748070869,2026-11-01
2026-11-10,1376.1216314529906,1092.024179534952,1660.2190833710295,595.4852129936799,404.92994483570226,786.0404811516574,148.78680291276865,101.17502598068269,196.3985798448546,83.5506814320247,56.8144633737768,110.28689949027259,42.00844525774651,28.565742775267623,55.451147740225395,129.30932050196392,87.93033794133548,170.68830306259235,52.86690056111722,35.949492381559715,69.78430874067472,1052.0073636593008,715.3650072883245,1388.6497200302772,324.1142677936898,-296.62554049532514,944.854076082705,2026-11-01
2026-11-11,1300.1079737547868,1031.703383550017,1568.5125639595567,606.9505222325978,412.72635511816645,801.1746893470291,147.2635343926174,100.13920338697984,194.38786539825495,90.9068109715982,61.816631460686786,119.99699048250962,48.43268456994009,32.93422550755926,63.931143632320925,127.21765974540685,86.50800862687666,167.927310863937,56.66475239130317,38.53203162608616,74.79747315652017,1077.4359643034636,732.6564557263551,1422.215472880572,222.67200945132322,-390.512089330555,835.8561082332016,2026-11-01
2026-11-12,1353.6362610408455,1074.1808671309925,1633.0916549506987,577.7084904648341,392.84177351608713,762.575207413581,152.5012372069377,103.70084130071764,201.30163311315775,90.75352520897441,61.7123971421026,119.7946532758462,43.636384165979784,29.67274123286625,57.60002709909332,115.83882406138645,78.77040036174279,152.90724776103008,56.576127139521155,38.47176645487439,74.68048782416791,1037.0145882476336,705.1699200083907,1368.8592564868761,316.6216727932119,-294.6783893558836,927.921734942308,2026-11-01
2026-11-13,1374.1866875405217,1090.4887007733626,1657.884674307681,587.6642743939049,399.6117065878553,775.7168421999545,152.5640947583525,103.74358443567971,201.38460508102528,92.83223691822789,63.12592110439497,122.53855273206081,43.55168053487262,29.615142763713376,57.488218306031854,111.4908531596646,75.81378014857194,147.16792617075726,54.96959647421541,37.37932560246648,72.55986734596434,1043.0727362392379,709.2894606426817,1376.856011835794,331.1139513012838,-286.36731106243155,948.5952136649994,2026-11-01
2026-11-14,1396.0124273180254,1107.8085619168185,1684.2162927192326,735.7980118948277,500.3426480884828,971.2533757011727,153.18618931179188,104.16660873201849,202.20576989156527,79.87819636707209,54.31717352960903,105.43921920453515,27.820480903372868,18.91792701429355,36.72303479245219,119.4603494952504,81.23303765677028,157.68766133373052,55.95026168393903,38.04617794507855,73.85434542279951,1172.093489656254,797.0235729662527,1547.1634063462554,223.91893766177145,-439.354844429437,887.1927197529799,2026-11-01
2026-11-15,1468.6137584056553,1165.4214990308171,1771.8060177804937,715.1448475239389,486.2984963162784,943.9911987315994,153.29356015246205,104.23962090367421,202.34749940124988,93.32714211450566,63.46245663786385,123.19182759114746,43.039041596948515,29.266548285924987,56.81153490797204,109.8721126348083,74.71303659166965,145.03118867794694,53.91359622213818,36.66124543105396,71.1659470132224,1168.5903002448017,794.641404166465,1542.5391963231384,300.0234581608536,-377.1176972923213,977.1646136140287,2026-11-01
2026-11-16,1349.8335792083515,1071.1632410627376,1628.5039173539653,608.7015474852043,413.91705228993885,803.4860426804697,149.84938888558185,101.89758444219567,197.80119332896803,105.90789857255754,72.01737102933913,139.79842611577592,46.868029549417514,31.870260093603907,61.865799005231125,107.64971300473147,73.2018048432174,142.09762116624552,51.03682396043709,34.70504029309723,67.36860762777695,1070.0134014579296,727.6091129913922,1412.4176899244674,279.82017775042186,-341.25444886172977,900.8948043625732,2026-11-01
2026-11-17,1379.5220937925042,1094.7226234889404,1664.3215640960682,593.4445304734915,403.5422807219742,783.3467802250087,153.87977707019425,104.63824840773209,203.1213057326564,89.61365024898586,60.93728216931039,118.29001832866132,52.90766567906348,35.97721266176316,69.8381186963638,130.14868677203492,88.50110700498375,171.79626653908608,52.89168507456422,35.966345850703675,69.81702429842477,1072.8859953183342,729.5624768164672,1416.209513820201,306.63609847417,-321.4868903312606,934.759087279601,2026-11-01
2026-11-18,1295.3523504649602,1027.9295488085584,1562.7751521213622,602.8782848475919,409.95723369636244,795.7993359988213,150.86582601871535,102.58876169272645,199.14289034470426,99.00849214249534,67.32577465689684,130.69120962809384,57.50936775227922,39.10637007154986,75.91236543300857,127.32543436709932,86.58129536962754,168.06957336457108,56.63183041601063,38.50964468288723,74.75401614913402,1094.2192355441919,744.0690801700504,1444.3693909183332,201.13311492076832,-416.4398421097749,818.7060719513119,2026-11-01
2026-11-19,1355.7657477012556,1075.8707256943735,1635.6607697081377,576.0335328911874,391.7028023660074,760.3642634163674,158.1007249136525,107.5084929412837,208.69295688602128,88.90644207770576,60.45638061283992,117.35650354257159,42.9052047136376,29.175539205273566,56.63487022200164,114.38186254858012,77.77966653303449,150.98405856412575,56.275053816396465,38.2670365951496,74.28307103764332,1036.6028209611598,704.8899182535888,1368.315723668731,319.1629267400958,-292.4449979743574,930.7708514545488,2026-11-01
2026-11-20,1370.6390880564263,1087.6734958326135,1653.604680280239,591.9059064907832,402.49601641373255,781.3157965678339,155.39202764140254,105.66657879615373,205.11747648665133,100.36047631860825,68.24512389665361,132.47582874056286,43.10897500830698,29.314103005648743,56.903847010965215,110.9376567910128,75.4376066178887,146.43770696413688,54.56007615760845,37.100851787173745,72.01930052804315,1056.2651184077222,718.260280517251,1394.2699562981934,314.37396964870413,-306.59646046557987,935.3443997629881,2026-11-01
2026-11-21,1392.4382774003498,1104.9722878243433,1679.9042669763564,741.9388511951552,504.5184188127055,979.3592835776049,156.37566420187053,106.33545165727197,206.41587674646908,88.92931803921685,60.47193626666746,117.38669981176623,25.396656396142433,17.269726349376853,33.52358644290801,115.19994342128783,78.33596152647573,152.06392531609993,55.15409081239146,37.5047817524262,72.80339987235672,1182.9945240660643,804.4362763649237,1561.5527717672048,209.44375333428547,-456.5804839428615,875.4679906114327,2026-11-01
2026-11-22,1471.0536311562419,1167.3576651208855,1774.7495971915982,720.4405925123591,489.8996029084041,950.981582116314,149.5948353996421,101.72448807175664,197.46518272752755,107.72767852189347,73.25482139488756,142.20053564889935,38.73212894540181,26.337847682873228,51.12641020793039,105.42425637431086,71.68849433453138,139.1600184140903,53.50910700648595,36.386192764410445,70.63202124856144,1175.4285987600933,799.2914471568633,1551.5657503633229,295.6250323961485,-384.2080852424374,975.4581500347349,2026-11-01
2026-11-23,1357.4591030393053,1077.2144913408322,1637.7037147377787,606.2828364034247,412.2723287543287,800.2933440525205,143.41979093143698,97.52545783337715,189.31412402949678,98.14768644254617,66.7404267809314,129.55494610416093,38.43905772826013,26.138559255216887,50.73955620130337,101.10237723488848,68.74961651972417,133.45513795005277,50.498343660966505,34.33887368945722,66.65781363247578,1037.890092401523,705.7652628330358,1370.0149219700104,319.5690106377824,-292.8004306291782,931.9384519047429,2026-11-01
2026-11-24,1390.6588441628764,1103.5602148819703,1677.7574734437828,597.0031197036028,405.9621213984499,788.0441180087557,149.880057467295,101.9184390777606,197.84167585682937,90.10782643692214,61.27332197710706,118.9423308967372,37.692528144048936,25.630919137953274,49.7541371501446,122.20166192385281,83.09713010821991,161.30619373948568,52.586093151136346,35.75854334277272,69.41364295949997,1049.4712868268582,713.6404750422633,1385.3020986114527,341.18755733601824,-281.7418837294824,964.1169984015195,2026-11-01
2026-11-25,1309.0088584288028,1038.7666990746882,1579.2510177829176,584.4952515710221,397.456771068295,771.5337320737492,149.25472361450073,101.4932120578605,197.01623517114095,100.13464957490761,68.09156171093719,132.17773743887804,42.5935930799931,28.963643294395304,56.22354286559089,122.58358304120753,83.35683646802113,161.81032961439394,55.72714606776936,37.894459326083165,73.55983280945554,1054.7889469494003,717.2564839255923,1392.3214099732086,254.21991147940253,-353.5547108985204,861.9945338573253,2026-11-01
2026-11-26,1372.7844293312214,1089.375935858178,1656.192922804265,553.0853709755363,376.09805226336465,730.0726896877079,145.80539019609762,99.14766533334638,192.46311505884884,84.48704275578083,57.45118907393097,111.52289643763069,39.2262249843684,26.67383298937051,51.77861697936629,108.20442723541662,73.5790105200833,142.8298439507499,55.838600608775955,37.97024841396765,73.70695280358426,986.6470567559758,670.9199985940635,1302.3741149178877,386.13737257524565,-212.99817905970963,985.2729242102015,2026-11-01
2026-11-27,1382.3525228586916,1096.9687163546353,1667.736329362748,550.0068168415665,374.00463545226523,726.0089982308679,140.07174423791633,95.24878608178311,184.89470239404955,104.79436050729953,71.26016514496368,138.32855586963535,41.336427924291996,28.108770988518554,54.564084860065435,103.6779478733517,70.50100455387916,136.85489119282423,54.4671980917026,37.03769470235777,71.89670148104742,994.3544954761287,676.1610569237675,1312.5479340284896,387.9980273825629,-215.57921767385437,991.5752724389804,2026-11-01
2026-11-28,1396.2067836571043,1107.9627937934702,1684.4507735207387,690.3756595606249,469.45544850122485,911.2958706200249,133.8305497977516,91.00477386247108,176.65632573303208,91.15858376574012,61.987836960703284,120.32933057077695,26.2938106898915,17.87979126912622,34.707830110656786,108.57835523532543,73.8332815600213,143.32342891062956,54.78609979724389,37.25454786212585,72.31765173236192,1105.0230588465774,751.4156800156726,1458.630437677482,291.1837248105269,-350.6676438840118,933.0350935050661,2026-11-01
2026-11-29,1483.3450038339754,1177.1115094446523,1789.5784982232988,667.5043232074579,453.9029397810713,881.1057066338444,127.66838112567396,86.8144991654583,168.52226308588962,90.08919476994525,61.260652443562776,118.91773709632771,30.501367909529833,20.740930178480284,40.26180564057938,98.16339374557325,66.75110774698982,129.57567974415667,53.08073326400866,36.09489861952589,70.06656790849142,1067.0073940221887,725.5650279350886,1408.4497601092894,416.3376098117867,-231.33825066463714,1064.01347028821,2026-11-01
2026-11-30,1377.4811507342931,1093.1030288850336,1661.8592725835529,559.6493152837011,380.5615343929167,738.7370961744855,120.53862964276432,81.96626815707974,159.1109911284489,93.60874307249296,63.653945289295216,123.56354085569069,23.587916049418528,16.039782913604597,31.13604918523246,93.31908729650054,63.45697936162037,123.1811952313807,50.457116937760716,34.31083951767729,66.60339435784414,941.1608082826382,639.989349632194,1242.3322669330823,436.32034245165494,-149.22923804804873,1021.8699229513588,2026-11-01
2026-12-01,1347.2419646693536,1069.1066599612316,1625.3772693774758,670.4218344686421,455.8868474386766,884.9568214986077,152.76541460004736,103.88048192803221,201.6503472720625,108.71368500110606,73.92530580075213,143.50206420145997,49.24409322591939,33.48598339362518,65.0022030582136,124.52650320404545,84.67802217875092,164.37498422934,54.28452593309257,36.91347763450295,71.65557423168218,1159.9560564328528,788.7701183743399,1531.141994491366,187.28590823650075,-462.0353345301344,836.607151003136,2026-12-01
2026-12-02,1284.3330305046454,1019.1851445613913,1549.4809164478997,666.1676799270647,452.99402235040395,879.3413375037254,151.2456499230729,102.84704194768958,199.6442578984562,101.54329125280034,69.04943805190423,134.03714445369644,59.995280211454116,40.796790543788795,79.19376987911944,124.301459849009,84.52499269732613,164.07792700069186,58.03458549741822,39.463518138244396,76.60565285659204,1161.2879466608194,789.6758037293571,1532.9000895922816,123.04508384382598,-513.7149450308902,759.8051127185427,2026-12-01
2026-12-03,1339.688067611572,1063.1122492577929,1616.2638859653514,613.3653828742106,417.08846035446317,809.642305393958,156.8025012422318,106.62570084471764,206.97930163974596,105.23643152330612,71.56077343584816,138.91208961076407,45.157496841681606,30.70709785234349,59.607895831019725,116.72948235414711,79.37604800082003,154.08291670747417,58.13783579606437,39.53372834132377,76.74194325080497,1095.4291306316416,744.8918088295163,1445.966452433767,244.25893697993047,-382.85420317597413,871.3720771358351,2026-12-01
2026-12-04,1361.6188765472896,1080.5154882500308,1642.7222648445486,627.5241581520486,426.716427543393,828.3318887607041,154.93272495150342,105.35425296702233,204.5111969359845,158.66100251581625,107.88948171075506,209.43252332087744,43.35425759167121,29.480895162336417,57.227620021006,114.31416319213773,77.73363097065366,150.89469541362178,55.84855388431578,37.97701664133473,73.72009112729681,1154.634860287493,785.1517049954953,1524.1180155794907,206.9840162597966,-443.6025273294599,857.5705598490533,2026-12-01
2026-12-05,1357.10805421864,1076.9359158198886,1637.2801926173918,760.0306933172279,516.820871455715,1003.2405151787409,156.47448543364635,106.40265009487952,206.54632077241317,80.61005097129399,54.81483466047992,106.40526728210806,23.186305654760453,15.766687845237106,30.605923464283798,121.40033550513047,82.55222814348872,160.2484428667722,57.41781919044031,39.04411704949941,75.7915213313812,1199.1196900724995,815.4013892492997,1582.837990895699,157.9883641461406,-505.90207507581044,821.8788033680921,2026-12-01
2026-12-06,1430.3821687684135,1135.0827416479801,1725.681595888847,718.0973711391874,488.30621237464743,947.8885299037274,151.9061151614136,103.29615830976125,200.51607201306592,87.50427356425465,59.502906023693164,115.50564110481612,34.380730322411516,23.37889661923983,45.3825640255832,111.43659906116895,75.77688736159489,147.096310760743,55.36590735702704,37.648817002778394,73.08299771127568,1158.6909966054632,787.909877691715,1529.4721155192115,271.69117216295035,-394.3893738712313,937.7717181971319,2026-12-01
2026-12-07,1341.2852627244388,1064.3797067577843,1618.1908186910935,614.6193523569167,417.9411596027033,811.29754511113,143.0495741490045,97.27371042132307,188.82543787668592,102.88389679087848,69.96104981779737,135.8067437639596,37.908054743503776,25.777477225582565,50.038632261424986,108.85831262675815,74.02365258619555,143.69297266732073,51.613501875317795,35.0971812752161,68.12982247541947,1058.9326925423793,720.074230928818,1397.7911541559406,282.3525701820595,-333.41144739815627,898.1165877622755,2026-12-01
2026-12-08,1379.129794474174,1094.411313549877,1663.8482753984715,600.0782362042953,408.05320061892076,792.1032717896699,152.4149859405282,103.64219043955919,201.1877814414972,83.77293791824395,56.965597784405894,110.58027805208201,42.40350938547985,28.834386382126297,55.972632388833404,130.16219535774061,88.51029284326363,171.8140978722176,53.410239542788176,36.318962889095964,70.50151619648038,1062.242104349076,722.3246309573717,1402.1595777407808,316.88769012509806,-307.7482641909039,941.5236444410998,2026-12-01
2026-12-09,1299.748649796474,1031.4182412764017,1568.0790583165465,608.0936068969012,413.50365268989276,802.6835611039096,150.61784649547906,102.42013561692576,198.81555737403232,90.58790460169108,61.59977512914994,119.57603407423221,49.00718027966694,33.324882590173516,64.68947796916036,127.16736261533434,86.47380657842736,167.8609186522413,56.997967265576236,38.758617740591845,75.23731679056063,1082.471868154649,736.0808703451612,1428.8628659641365,217.27678164182498,-397.44462468773486,831.9981879713853,2026-12-01
2026-12-10,1349.7985605839037,1071.1354519605559,1628.4616692072516,581.4809619587213,395.40705413193047,767.5548697855122,154.9955607895721,105.39698133690904,204.59414024223514,85.06768240080845,57.84602403254975,112.28934076906714,44.62419448691721,30.3444522511037,58.90393672273072,116.79216575949238,79.41867271645482,154.16565880252992,56.794541762166524,38.62028839827324,74.9687951260598,1039.755107157678,707.033472867221,1372.476741448135,310.0434534262258,-301.34128948757916,921.4281963400306,2026-12-01
2026-12-11,1367.670914758262,1085.3180957454692,1650.0237337710548,591.2741415463047,402.06641625148717,780.4818668411223,152.03581892880447,103.38435687158704,200.68728098602188,92.19629488810548,62.69348052391173,121.69910925229922,50.763268903894456,34.51902285464823,67.00751495314069,111.40905876505826,75.75815996023962,147.0599575698769,55.40629404526429,37.67627995077972,73.13630813974885,1053.0848770774317,716.0977164126535,1390.0720377422094,314.58603768083026,-304.7539419967402,933.9260173584013,2026-12-01
2026-12-12,1381.6868970100334,1096.4405075795935,1666.9332864404732,733.2231547254006,498.59174521327236,967.8545642375288,153.3387379376747,104.2703417976188,202.40713407773057,88.55893552834777,60.22007615927649,116.89779489741905,24.402041569083757,16.59338826697695,32.21069487119056,118.60122201204896,80.6488309681933,156.5536130559046,56.33140387980542,38.30535463826769,74.35745312134314,1174.4554956523612,798.6297370436056,1550.2812542611166,207.2314013576722,-453.8407466815231,868.3035493968677,2026-12-01
2026-12-13,1460.2938669630923,1158.8192318919803,1761.7685020342046,712.6667040951595,484.6133587847084,940.7200494056106,150.18525938523635,102.12597638196073,198.24454238851195,103.76793046637138,70.56219271713255,136.97366821561022,42.76834333047196,29.082473464720927,56.45421319622299,109.79627438660052,74.66146658288835,144.93108219031265,54.54180033863059,37.0884242302688,71.99517644699236,1173.7263120024702,798.1338921616798,1549.3187318432608,286.56755496062215,-390.49949995128054,963.6346098725248,2026-12-01
2026-12-14,1356.2851383040188,1076.2828891862314,1636.2873874218064,607.228317852331,412.91525613958504,801.5413795650769,145.325501098083,98.82134074669645,191.82966144946954,91.95613030673137,62.530168608577334,121.3820920048854,37.310412885036875,25.371080761825073,49.24974500824868,106.42756606031776,72.37074492101608,140.48438719961942,51.47197178100063,35.00094081108043,67.94300275092083,1039.7198999835005,707.0095319887805,1372.4302679782209,316.56523832051835,-296.14737879198947,929.2778554330259,2026-12-01
2026-12-15,1380.5900307196453,1095.570087056114,1665.6099743831764,599.3399743249104,407.551182540939,791.1287661088817,153.89095518377954,104.64584952497009,203.13606084258896,97.00689731106102,65.9646901715215,128.04910445060054,48.16488851742308,32.75212419184769,63.57765284299847,129.746455094864,88.22758946450752,171.26532072522045,53.376746652962915,36.296187724014786,70.45730558191104,1081.5259170850009,735.4376236178006,1427.614210552201,299.0641136346444,-332.04412349608697,930.1723507653759,2026-12-01
2026-12-16,1296.9532577047823,1029.1999520746072,1564.7065633349578,603.5680219202809,410.426254905791,796.7097889347708,154.23130780462964,104.87728930714816,203.5853263021111,94.24681784732057,64.087836136178,124.40579955846314,59.613103294523015,40.536910240275645,78.68929634877038,127.70232504661598,86.83758103169887,168.5670690615331,56.73322352394708,38.57859199628402,74.88785505161015,1096.0947994373173,745.3444636173757,1446.8451352572586,200.85845826746504,-417.6451831826514,819.362099717582,2026-12-01
2026-12-17,1361.4318806551653,1080.3670972713512,1642.4966640389796,580.1109993264313,394.47547954197324,765.7465191108894,160.2632174052539,108.97898783557265,211.54744697493513,92.32179314162745,62.778819336306675,121.86476694694822,39.93730675838096,27.15736859569905,52.71724492106287,116.45101420117152,79.18668965679663,153.71533874554638,56.32018224079269,38.297723923739035,74.34264055784634,1045.4045130736579,710.8750688900872,1379.9339572572285,316.0273675815074,-299.5668599858773,931.6215951488924,2026-12-01
2026-12-18,1369.1417288277037,1086.485263305894,1651.7981943495136,589.8191797355591,401.0770422201802,778.5613172509381,156.2038898959635,106.2186451292552,206.1891346626718,97.06214919442068,66.00226145220607,128.12203693663528,41.794107308504756,28.41999296978323,55.16822164722628,114.82666855764448,78.08213461919826,151.5712024960907,55.28288104041016,37.59235910747891,72.97340297334141,1054.9888757325027,717.3924354981019,1392.5853159669036,314.15285309520095,-306.1000526610096,934.4057588514116,2026-12-01
2026-12-19,1390.7118491940582,1103.6022771345827,1677.821421253534,735.9259598718619,500.429652712866,971.4222670308577,159.1610104208716,108.2294870861927,210.0925337555505,94.7592591225531,64.43629620333611,125.08222204177008,22.579820242799777,15.354277765103847,29.805362720495708,117.41709731203167,79.84362617218154,154.99056845188178,55.69834963241723,37.874877750043716,73.52182151479073,1185.541496602535,806.168217689724,1564.9147755153463,205.17035259152317,-461.3124983807636,871.65320356381,2026-12-01
2026-12-20,1456.802386759036,1156.0485605224942,1757.5562129955779,724.2393299814529,492.4827443873879,955.9959155755179,154.8010118542894,105.26468806091681,204.337335647662,111.83242548739,76.04604933142521,147.61880164335477,35.80635267969187,24.34831982219047,47.26438553719327,108.78884640069546,73.97641555247291,143.601277248918,54.130790026296296,36.808937217881486,71.4526428347111,1189.5987564298161,808.9271543722748,1570.2703584873568,267.2036303292198,-414.2217979648626,948.6290586233031,2026-12-01
2026-12-21,1356.1695266848349,1076.1911453456446,1636.1479080240254,603.6800719284863,410.50244891137066,796.857694945602,147.0852012535337,100.01793685240293,194.15246565466447,105.30548028929795,71.60772659672261,139.00323398187328,37.68653634003749,25.62684471122549,49.74622796884949,104.49617599922348,71.05739967947197,137.93495231897498,51.2610808613217,34.85753498569876,67.66462673694464,1049.5145466719007,713.6698917368924,1385.3592016069092,306.6549800129342,-309.1680562612646,922.478016287133,2026-12-01
2026-12-22,1382.1635545205704,1096.8187601373372,1667.5083489038038,598.5063858019975,406.98434234535824,790.0284292586367,150.77208905042986,102.52502055429231,199.01915754656738,89.92347710757305,61.147964433149674,118.69898978199642,36.985981662613185,25.150467530576964,48.82149579464941,125.77507348333887,85.52704996867044,166.0230969980073,53.132753245483954,36.13027220692909,70.13523428403882,1055.0957603514362,717.4651170389768,1392.726403663896,327.06779416913423,-295.9076435265588,950.043231864827,2026-12-01
2026-12-23,1295.6047683403463,1028.1298555379694,1563.079681142723,602.9039611276388,409.9746935667944,795.8332286884832,147.7540039031676,100.47272265415397,195.0352851521812,102.3087684822213,69.56996256791048,135.0475743965321,46.2320464223871,31.437791567223226,61.02630127755098,124.05931418047572,84.3603336427235,163.75829471822794,56.12451517193094,38.16467031691304,74.08436002694883,1079.3826092878214,733.9801743157187,1424.7850442599245,216.22215905252483,-396.655188721955,829.0995068270043,2026-12-01
2026-12-24,1373.204069237767,1089.7089419778201,1656.6991964977142,582.0695441207956,395.807290002141,768.3317982394502,153.53211620224715,104.40183901752808,202.66239338696622,86.03108892574569,58.50114046950708,113.5610373819843,38.213505222981944,25.98518355162772,50.44182689433617,109.30001717828078,74.32401168123094,144.2760226753306,55.8534566263632,37.98035050592698,73.72656274679942,1024.9997282764143,696.9998152279617,1352.9996413248666,348.2043409613527,-263.2906993470465,959.6993812697525,2026-12-01
2026-12-25,1381.1446828153173,1096.0102323789256,1666.2791332517093,567.8051746749479,386.10751877896456,749.5028305709313,151.52506404875373,103.03704355315254,200.0130845443549,97.31703896132063,66.17558649369803,128.45849142894323,44.247803667653095,30.0885064940041,58.40710084130209,104.67682672786847,71.18024217495056,138.17341128078635,54.66518064062145,37.17232283562259,72.1580384456203,1020.2370887211654,693.7612203303925,1346.7129571119383,360.90759409415193,-250.7027247330127,972.5179129213168,2026-12-01
2026-12-26,1398.9621339720507,1110.1493077601415,1687.7749601839598,712.5683343545674,484.5464673611058,940.5902013480289,143.35981180054935,97.48467202437357,189.2349515767251,87.61491299795684,59.57814083861065,115.651685157303,31.628112189302954,21.507116288726007,41.749108089879904,110.02884889448578,74.81961724825034,145.2380805407212,55.247003123455144,37.5679621239495,72.92604412296077,1140.4470233603174,775.503975885016,1505.390070835619,258.51511061173323,-395.2407630754776,912.2709842989439,2026-12-01
2026-12-27,1467.9580402683239,1164.901152540682,1771.014927995966,684.0979859614777,465.18663045380475,903.0093414691505,137.55745872106263,93.53907193032259,181.57584551180264,110.08009427094119,74.85446410424001,145.30572443764234,41.36682033665697,28.129437828926736,54.6042028443872,100.2781326351564,68.18913019190636,132.36713507840642,54.19165602570405,36.85032609747876,71.53298595392934,1127.572147950999,766.7490606066791,1488.3952352953181,340.385892317325,-323.4940827546361,1004.2658673892869,2026-12-01
2026-12-28,1372.8595620077592,1089.435557549733,1656.2835664657857,561.5020046906113,381.8213631896157,741.182646191607,127.1387892517765,86.45437669120803,167.82320181234496,95.27800545918822,64.789043712248,125.76696720612844,24.98506570004413,16.989844676030007,32.98028672405825,95.49950652556706,64.9396644373856,126.0593486137485,51.09907440969185,34.747370598590464,67.45077822079324,955.5024460368792,649.7416633050779,1261.2632287686802,417.35711597088005,-171.82767121894722,1006.5419031607079,2026-12-01
2026-12-29,1393.3094504073144,1105.6636089738838,1680.9552918407453,552.6690628494182,375.81496273760433,729.5231629612321,130.03728068844535,88.42535086814284,171.64921050874784,79.3663569479252,53.96912272458914,104.76359117126125,25.776878600454722,17.52827744830921,34.02547975260023,111.6716196547817,75.93670136525155,147.40653794431182,52.711459358770796,35.84379236396414,69.57912635357744,952.2326580997959,647.5182075078611,1256.9471086917308,441.07679230751853,-151.283499717847,1033.4370843328843,2026-12-01
2026-12-30,1311.0746796915862,1040.4060358295176,1581.7433235536548,555.1956273367964,377.5330265890215,732.8582280845712,130.42028504846814,88.68579383295834,172.15477626397794,81.58827127017207,55.480024463717015,107.69651807662713,33.37890934859788,22.697658357046556,44.0601603401492,113.76047454394572,77.3571226898831,150.16382639800833,55.630339416533985,37.828630803243115,73.43204802982486,969.9739069645142,659.5822567358696,1280.3655571931588,341.100772727072,-239.95952136364122,922.1610668177852,2026-12-01
2026-12-31,1382.4572890778659,1097.051853805513,1667.8627243502187,529.467511951822,360.0379081272389,698.897115776405,124.83630945343057,84.8886904283328,164.78392847852834,80.21350800064495,54.54518544043857,105.88183056085133,26.36014762459566,17.924900384725046,34.79539486446627,99.86242478321185,67.90644885258406,131.81840071383962,55.54408516396407,37.76997791149557,73.31819241643257,916.2839869776691,623.0731111448149,1209.494862810523,466.1733021001968,-112.44300900501003,1044.7896132054038,2026-12-01
