recommendation_rank,title,platform,skill_category,hybrid_final_score,confidence_level,impact_band,recommendation_reason,url
1,Python for Data Science and Machine Learning Bootcamp,Udemy,python,0.9504651442263603,HIGH,IMMEDIATE,strong market demand; strong personalization fit; high ROI potential,https://www.udemy.com/course/python-for-data-science-and-machine-learning-bootcamp/
2,"Complete A.I. & Machine Learning, Data Science Bootcamp",Udemy,machine-learning,0.9461311051320518,HIGH,IMMEDIATE,strong market demand; strong personalization fit; high ROI potential,https://www.udemy.com/course/complete-machine-learning-and-data-science-zero-to-mastery/
3,Python for Data Science: The Complete Data Science Bootcamp,Udemy,python,0.942684507058535,HIGH,IMMEDIATE,strong market demand; strong personalization fit; high ROI potential,https://www.udemy.com/course/python-for-data-science-the-complete-data-science-bootcamp/
4,Python for Machine Learning & Data Science Masterclass,Udemy,python,0.9406093379849862,HIGH,IMMEDIATE,strong market demand; strong personalization fit; high ROI potential,https://www.udemy.com/course/python-for-machine-learning-data-science-masterclass/
5,Python Data Science: Unsupervised Machine Learning,Udemy,python,0.9337316442253776,HIGH,IMMEDIATE,strong market demand; strong personalization fit; high ROI potential,https://www.udemy.com/course/data-science-in-python-unsupervised-learning/
6,Python Data Science: Regression & Forecasting,Udemy,python,0.9215435922664745,HIGH,STRONG,strong market demand; strong personalization fit; high ROI potential,https://www.udemy.com/course/data-science-in-python-regression/
7,Data Science and Machine Learning Fundamentals [2026],Udemy,machine-learning,0.9196574625395275,HIGH,STRONG,strong market demand; strong personalization fit; high ROI potential,https://www.udemy.com/course/data-science-and-machine-learning-fundamentals-one/
8,"Data Analytics, Data Science, & Machine Learning - All in 1",Udemy,machine-learning,0.9190089547804836,HIGH,STRONG,strong market demand; strong personalization fit; high ROI potential,https://www.udemy.com/course/data-analytics-data-science-machine-learning-all-in-1/
9,Deployment of Machine Learning Models,Udemy,machine-learning,0.9171862308413339,HIGH,STRONG,strong market demand; strong personalization fit; high ROI potential,https://www.udemy.com/course/deployment-of-machine-learning-models/
10,Mathematical Foundations of Machine Learning,Udemy,machine-learning,0.9163498592093697,HIGH,STRONG,strong market demand; strong personalization fit; high ROI potential,https://www.udemy.com/course/machine-learning-data-science-foundations-masterclass/
11,The Complete Machine Learning Course with Python,Udemy,python,0.9113283026547006,HIGH,STRONG,strong market demand; strong personalization fit; high ROI potential,https://www.udemy.com/course/machine-learning-course-with-python/
12,"Python - Complete Python, Django, Data Science and ML Guide",Udemy,python,0.9106582191389287,HIGH,STRONG,strong market demand; strong personalization fit; high ROI potential,https://www.udemy.com/course/python-complete-guide/
13,Machine Learning & Data Science: The Complete Visual Guide,Udemy,machine-learning,0.9067127527496519,HIGH,STRONG,strong market demand; strong personalization fit; high ROI potential,https://www.udemy.com/course/visual-guide-to-machine-learning/
14,Data Science & AI Masters 2026 - From Python To Gen AI,Udemy,python,0.904865779851314,HIGH,STRONG,strong market demand; strong personalization fit; high ROI potential,https://www.udemy.com/course/data-science-ai-masters-from-python-to-gen-ai/
15,Machine Learning for Absolute Beginners - Level 1,Udemy,machine-learning,0.9047260841727935,HIGH,STRONG,strong market demand; strong personalization fit; high ROI potential,https://www.udemy.com/course/machine-learning-for-absolute-beginners-level-1/
16,Python Programming: Beginner to Professional Complete Course,Udemy,python,0.902177849291202,HIGH,STRONG,strong market demand; strong personalization fit; high ROI potential,https://www.udemy.com/course/python-programming-complete-course/
17,Machine Learning Practical: 6 Real-World Applications,Udemy,machine-learning,0.9019534269130975,HIGH,STRONG,strong market demand; strong personalization fit; high ROI potential,https://www.udemy.com/course/machine-learning-practical/
18,"Machine Learning, Data Science & AI Engineering with Python",Udemy,python,0.9010717691217942,HIGH,STRONG,strong market demand; strong personalization fit; high ROI potential,https://www.udemy.com/course/data-science-and-machine-learning-with-python-hands-on/
19,Learn Python Programming - Beginner to Master,Udemy,python,0.9007922648192033,HIGH,STRONG,strong market demand; strong personalization fit; high ROI potential,https://www.udemy.com/course/learn-python-with-abdul-bari/
20,Learn Python Programming Masterclass,Udemy,python,0.9006834074138672,HIGH,STRONG,strong market demand; strong personalization fit; high ROI potential,https://www.udemy.com/course/python-the-complete-python-developer-course/
21,Complete 2026 Python Bootcamp: Learn Python from Scratch,Udemy,python,0.8999080566281747,MEDIUM,STRONG,strong market demand; strong personalization fit; high ROI potential,https://www.udemy.com/course/codewithharry-python/
22,Master Python for Data Handling [2026],Udemy,python,0.8951101328174658,MEDIUM,STRONG,strong market demand; strong personalization fit; high ROI potential,https://www.udemy.com/course/master-python-for-data-handling/
23,Python and Machine Learning for Complete Beginners,Udemy,python,0.8946307790896486,MEDIUM,STRONG,strong market demand; strong personalization fit; high ROI potential,https://www.udemy.com/course/python-machine-learning-beginners/
24,Complete Python Programming Masterclass Beginner to Advanced,Udemy,python,0.8944777483764528,MEDIUM,STRONG,strong market demand; strong personalization fit; high ROI potential,https://www.udemy.com/course/complete-python-programming-masterclass-beginner-to-advanced/
25,Google Cloud Machine Learning Engineer Certification Prep,Udemy,machine-learning,0.8910442055345762,MEDIUM,STRONG,strong market demand; strong personalization fit; high ROI potential,https://www.udemy.com/course/google-cloud-machine-learning-engineer-certification-prep/
